x, y_biblio(A), y_modele(B), abs_error, pct_error
4.677060133630295269e-02,6.061262380317563156e+02,-4.920212765957694501e+01,6.553283656913332607e+02,1.081174720004447494e+02
6.335716797561838365e-02,6.137370072120220357e+02,-4.920212765957694501e+01,6.629391348715989807e+02,1.080168096564819962e+02
7.994373461493382849e-02,6.213477763922877557e+02,-9.840425531914661406e+01,7.197520317114343698e+02,1.158372265996521691e+02
9.653030125424927332e-02,6.216696269982239755e+02,-9.840425531914661406e+01,7.200738823173705896e+02,1.158290273556227277e+02
1.131168678935647043e-01,5.228606234539397519e+02,-9.840425531914661406e+01,6.212648787730863660e+02,1.188203607051345045e+02
1.297034345328801352e-01,-2.220248667850792117e+02,-9.840425531914661406e+01,1.236206114659325976e+02,5.567872340425622468e+01
1.462900011721955940e-01,-2.220248667850792117e+02,-1.476063829787235591e+02,7.441848380635565263e+01,3.351808510638269212e+01
1.628765678115110249e-01,-2.220248667850792117e+02,-1.476063829787235591e+02,7.441848380635565263e+01,3.351808510638269212e+01
1.794631344508264559e-01,-3.209827370785931635e+03,-1.968085106383005041e+02,3.013018860147631131e+03,9.386856400971770142e+01
1.960497010901418868e-01,-2.380795210779701301e+04,-1.968085106383005041e+02,2.361114359715871251e+04,9.917334968691470465e+01
2.126362677294573178e-01,-2.384547069271758301e+04,-2.460106382978701731e+02,2.359946005441971283e+04,9.896831292840447247e+01
2.292228343687727765e-01,-2.384547069271758301e+04,-2.460106382978701731e+02,2.359946005441971283e+04,9.896831292840447247e+01
2.458094010080882075e-01,-2.384547069271758301e+04,-2.722764357702764642e+02,2.357319425694730671e+04,9.885816288015891473e+01
2.623959676474036384e-01,-2.384547069271758301e+04,-2.952127659574471181e+02,2.355025792676013589e+04,9.876197551408534991e+01
2.789825342867190971e-01,-2.383228609565823353e+04,-3.340565509518508520e+02,2.349822954470638433e+04,9.859830253123426758e+01
2.955691009260345004e-01,-2.375773300300877236e+04,-3.444148936170240631e+02,2.341331810939174829e+04,9.855030404806129241e+01
3.121556675653499591e-01,-2.366785079928951745e+04,-3.466345384738470443e+02,2.332121626081566865e+04,9.853542029898103749e+01
3.287422342046654178e-01,-2.366785079928951745e+04,-3.936170212765937322e+02,2.327423377801292372e+04,9.833691269809588675e+01
3.453288008439808210e-01,-2.366785079928951745e+04,-4.084146536554136446e+02,2.325943614563410301e+04,9.827439061907693940e+01
3.619153674832962797e-01,-2.370681641065402800e+04,-4.428191489361706772e+02,2.326399726171785733e+04,9.813210200279289097e+01
3.785019341226116829e-01,-2.377740319341038412e+04,-4.428191489361706772e+02,2.333458404447421344e+04,9.813764713777115389e+01
3.950885007619271416e-01,-2.380106571936056571e+04,-4.920212765957476222e+02,2.330904444276481809e+04,9.793277627818353892e+01
4.116750674012426003e-01,-2.382432745021656228e+04,-4.920212765957476222e+02,2.333230617362081466e+04,9.793479468570990321e+01
4.282616340405580035e-01,-2.384547069271758301e+04,-5.412234042553172912e+02,2.330424728846226571e+04,9.773028844248980818e+01
4.448482006798734623e-01,-2.374234663549694960e+04,-5.412234042553172912e+02,2.320112323124163231e+04,9.772043002924513644e+01
4.614347673191889210e-01,-2.366785079928951745e+04,-5.904255319148942363e+02,2.307742526737462322e+04,9.750536904714381592e+01
4.780213339585043242e-01,-2.366785079928951745e+04,-5.904255319148942363e+02,2.307742526737462322e+04,9.750536904714381592e+01
4.946079005978197829e-01,-2.490936825740331551e+04,-6.126219804831250713e+02,2.429674627692019203e+04,9.754059607553054434e+01
5.111944672371352416e-01,-2.553285968028418938e+04,-6.396276595744711813e+02,2.489323202070971820e+04,9.749488436632745447e+01
5.277810338764505893e-01,-2.553285968028418938e+04,-6.744020956646936611e+02,2.485845758461949663e+04,9.735868953141411453e+01
5.443676005157660480e-01,-2.426598282348379507e+04,-6.888297872340408503e+02,2.357715303624975422e+04,9.716133571739193542e+01
5.609541671550815067e-01,-2.384547069271758301e+04,-6.888297872340408503e+02,2.315664090548354216e+04,9.711127619953248313e+01
5.775407337943969655e-01,-2.384547069271758301e+04,-7.380319148936177953e+02,2.310743877782396521e+04,9.690493878521336057e+01
5.941273004337124242e-01,-2.384547069271758301e+04,-7.487601983682621949e+02,2.309671049434932138e+04,9.685994792043700841e+01
6.107138670730278829e-01,-2.384547069271758301e+04,-7.872340425531947403e+02,2.305823665016438827e+04,9.669860137089423802e+01
6.273004337123432306e-01,-2.384547069271758301e+04,-7.872340425531947403e+02,2.305823665016438827e+04,9.669860137089423802e+01
6.438870003516586893e-01,-2.384547069271758301e+04,-8.364361702127644094e+02,2.300903452250481860e+04,9.649226395657515809e+01
6.604735669909741480e-01,-2.380331433599287629e+04,-8.364361702127644094e+02,2.296687816578011189e+04,9.648605165479835932e+01
6.770601336302896067e-01,-2.371423372246199142e+04,-8.856382978723413544e+02,2.282859542458965007e+04,9.626537248372706301e+01
6.936467002696050654e-01,-2.371225577264653475e+04,-8.856382978723413544e+02,2.282661747477419340e+04,9.626506096103274501e+01
7.102332669089204131e-01,-2.371225577264653475e+04,-9.348404255319182994e+02,2.277741534711461645e+04,9.605756434775678088e+01
7.268198335482358718e-01,-2.368355914133897386e+04,-9.348404255319182994e+02,2.274871871580705556e+04,9.605278742121076618e+01
7.434064001875513306e-01,-2.321386595764254889e+04,-9.840425531914879684e+02,2.222982340445106092e+04,9.576097081379279530e+01
7.599929668268667893e-01,-2.274417277394612756e+04,-9.840425531914879684e+02,2.176013022075463959e+04,9.567343001228549326e+01
7.765795334661822480e-01,-2.227447959024970260e+04,-1.014747640377540506e+03,2.125973194987216266e+04,9.544434860412303578e+01
7.931661001054977067e-01,-2.180478640655327763e+04,-1.033244680851064913e+03,2.077154172570221272e+04,9.526138591047821080e+01
8.097526667448130544e-01,-2.133509322285685630e+04,-1.033244680851064913e+03,2.030184854200579139e+04,9.515706507556235749e+01
8.263392333841285131e-01,-2.086540003916043497e+04,-1.082446808510634582e+03,1.978295323064980039e+04,9.481224032858662554e+01
8.429258000234439718e-01,-2.051509769094138392e+04,-1.089105743081103128e+03,1.942599194786028238e+04,9.469119884541419196e+01
8.595123666627594305e-01,-2.051509769094138392e+04,-1.131648936170211527e+03,1.938344875477117239e+04,9.448382380031317496e+01
8.760989333020748893e-01,-1.962511396634528865e+04,-1.131648936170211527e+03,1.849346503017507712e+04,9.423366948028504453e+01
8.926854999413902370e-01,-1.674824321620471164e+04,-1.180851063829788473e+03,1.556739215237492317e+04,9.294940341750435664e+01
9.092720665807056957e-01,-1.387137246606411281e+04,-1.180851063829788473e+03,1.269052140223432434e+04,9.148713606588890457e+01
9.258586332200211544e-01,-1.099450171592351580e+04,-1.230053191489358142e+03,9.764448524434157662e+03,8.881210605745005182e+01
9.424451998593366131e-01,-8.117630965782918793e+03,-1.230053191489358142e+03,6.887577774293560651e+03,8.484714078929894754e+01
9.590317664986520718e-01,-5.240760215642321782e+03,-1.279255319148935087e+03,3.961504896493386696e+03,7.559027189737307140e+01
9.756183331379675305e-01,-2.363889465501724771e+03,-1.279255319148935087e+03,1.084634146352789685e+03,4.588345445850113435e+01
9.922048997772828782e-01,-9.325044404973341443e+02,-1.328457446808512032e+03,3.959530063111778873e+02,4.246124620060828647e+01
1.008791466416598226e+00,-9.325044404973341443e+02,-1.328457446808512032e+03,3.959530063111778873e+02,4.246124620060828647e+01
1.025378033055913907e+00,-9.325044404973341443e+02,-1.355093185090385532e+03,4.225887445930513877e+02,4.531761203921682579e+01
1.041964599695229143e+00,-8.790581544312415190e+02,-1.377659574468081701e+03,4.986014200368401816e+02,5.671995846047748557e+01
1.058551166334544602e+00,-8.436944937833031872e+02,-1.377659574468081701e+03,5.339650806847785134e+02,6.328891377379589755e+01
1.075137732973860061e+00,-8.436944937833031872e+02,-1.426861702127658646e+03,5.831672083443554584e+02,6.912066069428891524e+01
1.091724299613175519e+00,-1.652175755207282782e+04,-1.429451287793951451e+03,1.509230626427887546e+04,9.134806764178297556e+01
1.108310866252490978e+00,-2.366785079928951745e+04,-1.476063829787235591e+03,2.219178696950228186e+04,9.376342261785956111e+01
1.124897432891806437e+00,-2.376691485425736755e+04,-1.476063829787235591e+03,2.229085102447013196e+04,9.378941760494072355e+01
1.141483999531121896e+00,-2.356109876569684639e+04,-1.525265957446805260e+03,2.203583280825004113e+04,9.352633774589716609e+01
1.158070566170437354e+00,-2.324144646012567318e+04,-1.525265957446805260e+03,2.171618050267886792e+04,9.343730193357957603e+01
1.174657132809752813e+00,-2.292179415455449634e+04,-1.574468085106382205e+03,2.134732606944811414e+04,9.313113068510153880e+01
1.191243699449068272e+00,-2.260214184898331951e+04,-1.574468085106382205e+03,2.102767376387693730e+04,9.303398724056232538e+01
1.207830266088383508e+00,-2.228248954341214630e+04,-1.621080627099666344e+03,2.066140891631248087e+04,9.272486755153020965e+01
1.224416832727698967e+00,-2.196283723784097310e+04,-1.623670212765959150e+03,2.033916702507501395e+04,9.260719279944191840e+01
1.241003399367014426e+00,-2.193605683836589378e+04,-1.672872340425528819e+03,2.026318449794036496e+04,9.237386941166337806e+01
1.257589966006329885e+00,-2.193605683836589378e+04,-1.672872340425528819e+03,2.026318449794036496e+04,9.237386941166337806e+01
1.274176532645645343e+00,-1.151189695172958272e+04,-1.695438729803229762e+03,9.816458221926353872e+03,8.527229059717650728e+01
1.290763099284960802e+00,-1.065719360568382399e+03,-1.722074468085105764e+03,6.563551075167233648e+02,6.158798758865261647e+01
1.307349665924276261e+00,-1.065719360568382399e+03,-1.757218844984804946e+03,6.914994844164225469e+02,6.488570162107438932e+01
1.323936232563591719e+00,-2.028595740995142705e+03,-1.771276595744682709e+03,2.573191452504599965e+02,1.268459457201808682e+01
1.340522799202907178e+00,-1.252220248667850683e+04,-1.771276595744682709e+03,1.075092589093382412e+04,8.585491172476231725e+01
1.357109365842222637e+00,-1.252220248667850683e+04,-1.820478723404252378e+03,1.070172376327425445e+04,8.546199260600575087e+01
1.373695932481537874e+00,-1.059187441559401850e+04,-1.820478723404252378e+03,8.771395692189766123e+03,8.281249708999541781e+01
1.390282499120853332e+00,-1.110124333925399696e+03,-1.869680851063829323e+03,7.595565171384296264e+02,6.842085106382972981e+01
1.406869065760168791e+00,-1.100094046308593988e+03,-1.869680851063829323e+03,7.695868047552353346e+02,6.995645575372506642e+01
1.423455632399484250e+00,-5.965548694730031457e+03,-1.918882978723406268e+03,4.046665716006625189e+03,6.783392313235916049e+01
1.440042199038799708e+00,-2.033747779751331836e+04,-1.918882978723406268e+03,1.841859481878991210e+04,9.056479373780544506e+01
1.456628765678115167e+00,-2.033747779751331836e+04,-1.961426171812508983e+03,1.837605162570080938e+04,9.035560755693936130e+01
1.473215332317430626e+00,-1.382773264697773993e+04,-1.968085106382975937e+03,1.185964754059476400e+04,8.576711629716726293e+01
1.489801898956746085e+00,-1.154529307282413356e+03,-2.017287234042552882e+03,8.627579267601395259e+02,7.472810965630146995e+01
1.506388465596061543e+00,-1.154529307282413356e+03,-2.017287234042552882e+03,8.627579267601395259e+02,7.472810965630146995e+01
1.522975032235377002e+00,-1.154529307282413356e+03,-2.035784274516078767e+03,8.812549672336654112e+02,7.633023793116224454e+01
1.539561598874692461e+00,-1.174636728695865713e+03,-2.066489361702129827e+03,8.918526330062641136e+02,7.592582551002290359e+01
1.556148165514007697e+00,-1.198934280639430654e+03,-2.097564389697648039e+03,8.986301090582173856e+02,7.495240761478174818e+01
1.572734732153323156e+00,-1.198934280639430654e+03,-2.115691489361699496e+03,9.167572087222688424e+02,7.646434200157597161e+01
1.589321298792638615e+00,-1.198934280639430654e+03,-2.115691489361699496e+03,9.167572087222688424e+02,7.646434200157597161e+01
1.605907865431954074e+00,-1.198934280639430654e+03,-2.164893617021276441e+03,9.659593363818457874e+02,8.056816390858956822e+01
1.622494432071269532e+00,-1.350395787758092592e+04,-2.164893617021276441e+03,1.133906426055964948e+04,8.396845105229925821e+01
1.639080998710584991e+00,-2.186398659324794426e+04,-2.214095744680853386e+03,1.964989084856709087e+04,8.987332097356566862e+01
1.655667565349900450e+00,-2.184724689165186282e+04,-2.214095744680853386e+03,1.963315114697100944e+04,8.986556175402178326e+01
1.672254131989215908e+00,-7.841613274167006239e+03,-2.263297872340423055e+03,5.578315401826583184e+03,7.113734389584716666e+01
1.688840698628531367e+00,-1.243339253996447951e+03,-2.263297872340423055e+03,1.019958618343975104e+03,8.203381458966539697e+01
1.705427265267846826e+00,-1.243339253996447951e+03,-2.301771716525357078e+03,1.058432462528909127e+03,8.512821091482510383e+01
1.722013831907162285e+00,-1.277302734380284846e+03,-2.312500000000000000e+03,1.035197265619715154e+03,8.104556874075485950e+01
1.738600398546477521e+00,-1.287744227353461611e+03,-2.361702127659576945e+03,1.073957900306115334e+03,8.339838591342673624e+01
1.755186965185792980e+00,-1.817926388203228271e+04,-2.361702127659576945e+03,1.581756175437270576e+04,8.700881321166255589e+01
1.771773531825108439e+00,-2.184724689165186282e+04,-2.376129819228924134e+03,1.947111707242293778e+04,8.912389359165948122e+01
1.788360098464423897e+00,-2.176924279708753966e+04,-2.410904255319146614e+03,1.935833854176839304e+04,8.892518091790635992e+01
1.804946665103739356e+00,-2.047006289672208732e+04,-2.437909934410494316e+03,1.803215296231159300e+04,8.809036422256973253e+01
1.821533231743054815e+00,-2.033747779751331836e+04,-2.460106382978723559e+03,1.787737141453459481e+04,8.790358171513517505e+01
1.838119798382370274e+00,-2.033747779751331836e+04,-2.460106382978723559e+03,1.787737141453459481e+04,8.790358171513517505e+01
1.854706365021685732e+00,-1.488094928265505587e+03,-2.509308510638300504e+03,1.021213582372794917e+03,6.862556702367783146e+01
1.871292931661001191e+00,-1.792860558910360169e+03,-2.512268037114064555e+03,7.194074782037043860e+02,4.012623707004496509e+01
1.887879498300316650e+00,-2.202486678507992474e+04,-2.558510638297870173e+03,1.946635614678205457e+04,8.838353637611531610e+01
1.904466064939632108e+00,-2.202486678507992474e+04,-2.558510638297870173e+03,1.946635614678205457e+04,8.838353637611531610e+01
1.921052631578947345e+00,-1.985136019444664998e+04,-2.607712765957447118e+03,1.724364742848920287e+04,8.686380811987409345e+01
1.937639198218262804e+00,-1.376554174067496206e+03,-2.607712765957447118e+03,1.231158591889950912e+03,8.943771448181188077e+01
1.954225764857578262e+00,-1.383747665238447325e+03,-2.642117261238204719e+03,1.258369595999757394e+03,9.093923896759855552e+01
1.970812331496893721e+00,-1.437865413215576382e+03,-2.656914893617024063e+03,1.219049480401447681e+03,8.478189051611035154e+01
1.987398898136209180e+00,-5.695974955407289599e+03,-2.703897376419770353e+03,2.992077578987519246e+03,5.252968284467415572e+01
2.003985464775524861e+00,-2.064831261101243217e+04,-2.706117021276593732e+03,1.794219558973583844e+04,8.689424616792497602e+01
2.020572031414840097e+00,-1.538852764122429289e+04,-2.716475363941768137e+03,1.267205227728252430e+04,8.234739913216513685e+01
2.037158598054155334e+00,-1.527190667907847455e+03,-2.755319148936170677e+03,1.228128481028323222e+03,8.041749513246959680e+01
2.053745164693471015e+00,-1.465364120781527163e+03,-2.778255479123343321e+03,1.312891358341816158e+03,8.959488906017487864e+01
2.070331731332786251e+00,-9.502877708776031795e+03,-2.804521276595747622e+03,6.698356432180284173e+03,7.048766318432430467e+01
2.086918297972101932e+00,-2.375666074600355205e+04,-2.804521276595747622e+03,2.095213946940780443e+04,8.819480015907733161e+01
2.103504864611417169e+00,-2.303398034500858921e+04,-2.853723404255317291e+03,2.018025694075327192e+04,8.761081080424855827e+01
2.120091431250732850e+00,-1.292150891337047324e+04,-2.853723404255317291e+03,1.006778550911515595e+04,7.791493684377340401e+01
2.136677997890048086e+00,-1.048148920049803564e+04,-2.902925531914894236e+03,7.578563668583141407e+03,7.230426443813956894e+01
2.153264564529363767e+00,-2.027055022191555327e+04,-2.902925531914894236e+03,1.736762469000065903e+04,8.567909849444347969e+01
2.169851131168679004e+00,-2.020426287744227011e+04,-2.952127659574471181e+03,1.725213521786779893e+04,8.538859013327096648e+01
2.186437697807994240e+00,-9.751474769792854204e+03,-2.952127659574471181e+03,6.799347110218383023e+03,6.972634673968211416e+01
2.203024264447309921e+00,-8.057886471093948785e+03,-2.982462805951049177e+03,5.075423665142900063e+03,6.298703367626193739e+01
2.219610831086625158e+00,-1.943766158028191421e+04,-3.001329787234040850e+03,1.643633179304787336e+04,8.455920340603793761e+01
2.236197397725940839e+00,-2.366785079928951745e+04,-3.044242921132618903e+03,2.062360787815689764e+04,8.713764529382615365e+01
2.252783964365256075e+00,-8.823930819227212851e+03,-3.050531914893617795e+03,5.773398904333595056e+03,6.542887770327307351e+01
2.269370531004571756e+00,-1.598579040852575417e+03,-3.056820908654617142e+03,1.458241867802041725e+03,9.122113017472773322e+01
2.285957097643886993e+00,-1.598579040852575417e+03,-3.099734042553194740e+03,1.501155001700619323e+03,9.390558510638319945e+01
2.302543664283202673e+00,-1.632225008239721092e+03,-3.118601023836189597e+03,1.486376015596468505e+03,9.106440644476192858e+01
2.319130230922517910e+00,-1.642984014209589077e+03,-3.148936170212764409e+03,1.505952156003175332e+03,9.165957446808529596e+01
2.335716797561833591e+00,-1.642984014209589077e+03,-3.148936170212764409e+03,1.505952156003175332e+03,9.165957446808529596e+01
2.352303364201148828e+00,-1.642984014209589077e+03,-3.198138297872341354e+03,1.555154283662752277e+03,9.465425531914927149e+01
2.368889930840464064e+00,-1.642984014209589077e+03,-3.198138297872341354e+03,1.555154283662752277e+03,9.465425531914927149e+01
2.385476497479779745e+00,-1.682928190219641920e+03,-3.247340425531911023e+03,1.564412235312269104e+03,9.295775330188598673e+01
2.402063064119094982e+00,-1.728592805301238286e+03,-3.247340425531911023e+03,1.518747620230672737e+03,8.786034603250611497e+01
2.418649630758410662e+00,-1.731793960923623672e+03,-3.296542553191487968e+03,1.564748592267864296e+03,9.035420076377512544e+01
2.435236197397725899e+00,-1.775517062107413722e+03,-3.296542553191487968e+03,1.521025491084074247e+03,8.566662205311190803e+01
2.451822764037041580e+00,-2.371225577264653475e+04,-3.345744680851064913e+03,2.036651109179546984e+04,8.589023029723483660e+01
2.468409330676356817e+00,-2.371225577264653475e+04,-3.345744680851064913e+03,2.036651109179546984e+04,8.589023029723483660e+01
2.484995897315672497e+00,-2.347378269160663694e+04,-3.384588465845462451e+03,2.008919422576117358e+04,8.558141007646088383e+01
2.501582463954987734e+00,-2.031049960305670174e+04,-3.394946808510634582e+03,1.691555279454606716e+04,8.328476957799846048e+01
2.518169030594303415e+00,-2.047069271758436662e+04,-3.397166453367458416e+03,1.707352626421690729e+04,8.340473133843055109e+01
2.534755597233618651e+00,-1.912987697360350285e+04,-3.444148936170211527e+03,1.568572803743329132e+04,8.199596923219817768e+01
2.551342163872933888e+00,-9.964937195929524023e+03,-3.458946568549030872e+03,6.505990627380493606e+03,6.528882720944854157e+01
2.567928730512249569e+00,-1.731793960923623672e+03,-3.493351063829788473e+03,1.761557102906164801e+03,1.017186306601200556e+02
2.584515297151564805e+00,-1.742448864271624871e+03,-3.493351063829788473e+03,1.750902199558163602e+03,1.004851410827526621e+02
2.601101863790880486e+00,-1.776198934280637332e+03,-3.542553191489358142e+03,1.766354257208720810e+03,9.944574468085110652e+01
2.617688430430195723e+00,-1.776198934280637332e+03,-3.542553191489358142e+03,1.766354257208720810e+03,9.944574468085110652e+01
2.634274997069511404e+00,-5.052678008716833574e+03,-3.591755319148935087e+03,1.460922689567898487e+03,2.891382920200986462e+01
2.650861563708826640e+00,-1.185612788632326738e+04,-3.591755319148935087e+03,8.264372567174332289e+03,6.970549446171010288e+01
2.667448130348142321e+00,-6.753241183080300289e+03,-3.640957446808512032e+03,3.112283736271788257e+03,4.608577795310144865e+01
2.684034696987457558e+00,1.582620108920490793e+03,-3.640957446808512032e+03,5.223577555729002597e+03,3.300588389017764825e+02
2.700621263626772794e+00,1.687388987566606374e+03,-3.690159574468081701e+03,5.377548562034688075e+03,3.186905095184769721e+02
2.717207830266088475e+00,2.882601599473196075e+01,-3.690159574468081701e+03,3.718985590462813889e+03,1.290149006766134153e+04
2.733794396905403712e+00,-1.865008880994671927e+03,-3.724934010558307364e+03,1.859925129563635437e+03,9.972741408993584855e+01
2.750380963544719393e+00,-1.160731220980109538e+04,-3.739361702127658646e+03,7.867950507673436732e+03,6.778443075762035619e+01
2.766967530184034629e+00,-2.047069271758436662e+04,-3.739361702127658646e+03,1.673133101545670797e+04,8.173309641390133606e+01
2.783554096823350310e+00,-2.047069271758436662e+04,-3.788563829787235591e+03,1.668212888779713103e+04,8.149274241934737972e+01
2.800140663462665547e+00,-9.172049986747768344e+03,-3.799292113261878512e+03,5.372757873485889831e+03,5.857750318902225928e+01
2.816727230101981228e+00,-1.909413854351685586e+03,-3.837765957446805260e+03,1.928352103095119674e+03,1.009918357248886736e+02
2.833313796741296464e+00,-1.909413854351685586e+03,-3.837765957446805260e+03,1.928352103095119674e+03,1.009918357248886736e+02
2.849900363380612145e+00,-1.909413854351685586e+03,-3.886968085106382205e+03,1.977554230754696619e+03,1.035686541316181604e+02
2.866486930019927382e+00,-1.909413854351685586e+03,-3.886968085106382205e+03,1.977554230754696619e+03,1.035686541316181604e+02
2.883073496659242618e+00,-1.680723296688526898e+04,-3.936170212765959150e+03,1.287106275411930983e+04,7.658049828593877351e+01
2.899660063298558299e+00,-2.175843694493783187e+04,-3.936170212765959150e+03,1.782226673217187272e+04,8.190968302214501762e+01
2.916246629937873536e+00,-2.175843694493783187e+04,-3.985372340425528819e+03,1.777306460451230305e+04,8.168355405992186036e+01
2.932833196577189216e+00,-5.208545659305658774e+03,-3.985372340425528819e+03,1.223173318880129955e+03,2.348397036118502257e+01
2.949419763216504453e+00,-1.953818827708702884e+03,-4.034574468085105764e+03,2.080755640376402880e+03,1.064968568665377404e+02
2.966006329855820134e+00,-1.993445490722063369e+03,-4.034574468085105764e+03,2.041128977363042395e+03,1.023920135696164522e+02
2.982592896495135371e+00,-2.039110105803656097e+03,-4.065279555271156369e+03,2.026169449467500272e+03,9.936537726436034745e+01
2.999179463134451051e+00,-2.042628774422733841e+03,-4.083776595744682709e+03,2.041147821321948868e+03,9.992749768732677751e+01
3.015766029773766288e+00,-2.042628774422733841e+03,-4.127059670452727005e+03,2.084430896029993164e+03,1.020464864752075727e+02
3.032352596413081969e+00,-2.042628774422733841e+03,-4.132978723404252378e+03,2.090349948981518537e+03,1.023362627197039672e+02
3.048939163052397205e+00,-2.042628774422733841e+03,-4.139637657974722060e+03,2.097008883551988220e+03,1.026622609947626330e+02
3.065525729691712442e+00,-2.045408314426560537e+03,-4.182180851063829323e+03,2.136772536637268786e+03,1.044667962658752884e+02
3.082112296331028123e+00,-2.087033747779751138e+03,-4.182180851063829323e+03,2.095147103284078185e+03,1.003887505658669141e+02
3.098698862970343360e+00,-2.087033747779751138e+03,-4.231382978723406268e+03,2.144349230943655130e+03,1.027462652784066250e+02
3.115285429609659040e+00,-2.093592212957319134e+03,-4.231382978723406268e+03,2.137790765766087134e+03,1.021111347537128466e+02
3.131871996248974277e+00,-2.131438721136764798e+03,-4.280585106382975937e+03,2.149146385246211139e+03,1.008307845744681970e+02
3.148458562888289958e+00,-2.131438721136764798e+03,-4.280585106382975937e+03,2.149146385246211139e+03,1.008307845744681970e+02
3.165045129527605194e+00,-2.131438721136764798e+03,-4.329787234042552882e+03,2.198348512905788084e+03,1.031391843971633477e+02
3.181631696166920875e+00,-2.131438721136764798e+03,-4.329787234042552882e+03,2.198348512905788084e+03,1.031391843971633477e+02
3.198218262806236112e+00,-2.144295394937237688e+03,-4.378989361702129827e+03,2.234693966764892139e+03,1.042157704596619112e+02
3.214804829445551793e+00,-2.175843694493782095e+03,-4.378989361702129827e+03,2.203145667208347732e+03,1.012547763786367767e+02
3.231391396084867029e+00,-2.206595608993050064e+03,-4.405625099984000371e+03,2.199029490990950308e+03,9.965711352042649196e+01
3.247977962724182266e+00,-2.264653641207813052e+03,-4.428191489361699496e+03,2.163537848153886443e+03,9.553504380475602886e+01
3.264564529363497947e+00,-2.264653641207813052e+03,-4.467405215165575100e+03,2.202751573957762048e+03,9.726659891280166903e+01
3.281151096002813183e+00,-2.226343876361062485e+03,-4.477393617021276441e+03,2.251049740660213956e+03,1.011097056731205868e+02
3.297737662642128864e+00,-2.196258218641739859e+03,-4.479983202687571065e+03,2.283724984045831206e+03,1.039825355990328148e+02
3.314324229281444101e+00,-2.220248667850799393e+03,-4.526595744680853386e+03,2.306347076830053993e+03,1.038778723404256255e+02
3.330910795920759782e+00,-1.153137455228094223e+04,-4.526595744680853386e+03,7.004778807600088840e+03,6.074539315189030475e+01
3.347497362560075018e+00,-2.024866785079928741e+04,-4.575797872340423055e+03,1.567286997845886435e+04,7.740198068309072710e+01
3.364083929199390699e+00,-2.024866785079928741e+04,-4.575797872340423055e+03,1.567286997845886435e+04,7.740198068309072710e+01
3.380670495838705936e+00,-9.456723811371653937e+03,-4.625000000000000000e+03,4.831723811371653937e+03,5.109299909511511117e+01
3.397257062478021616e+00,-2.309058614564830350e+03,-4.625000000000000000e+03,2.315941385435169650e+03,1.002980769230769909e+02
3.413843629117336853e+00,-2.338290630784853420e+03,-4.671612541993285049e+03,2.333321911208431629e+03,9.978750633000851167e+01
3.430430195756652090e+00,-2.353463587921847648e+03,-4.674202127659576945e+03,2.320738539737729297e+03,9.860949417904463132e+01
3.447016762395967771e+00,-2.353463587921847648e+03,-4.723404255319146614e+03,2.369940667397298967e+03,1.007001204335606985e+02
3.463603329035283007e+00,-2.419485470709373658e+03,-4.723404255319146614e+03,2.303918784609772956e+03,9.522350154614825612e+01
3.480189895674598688e+00,-1.628758911444666592e+04,-4.745970644696845739e+03,1.154161846974982109e+04,7.086142945190523790e+01
3.496776462313913925e+00,-2.038188277087033566e+04,-4.772606382978723559e+03,1.560927638789161210e+04,7.658407500115885114e+01
3.513363028953229605e+00,-1.427476492066450010e+04,-4.807750759878424105e+03,9.467014160786075081e+03,6.631993040446776888e+01
3.529949595592544842e+00,-3.954874220089202936e+03,-4.821808510638300504e+03,8.669342905490975681e+02,2.192065391474178782e+01
3.546536162231860523e+00,-2.442273534635878605e+03,-4.821808510638300504e+03,2.379534976002421899e+03,9.743114119922647376e+01
3.563122728871175759e+00,-2.482842326377127392e+03,-4.871010638297870173e+03,2.388168311920742781e+03,9.618686964328784939e+01
3.579709295510491440e+00,1.361537370863285560e+03,-4.871010638297870173e+03,6.232548009161155278e+03,4.577581300768407004e+02
3.596295862149806677e+00,1.598579040852575417e+03,-4.920212765957447118e+03,6.518791806810022536e+03,4.077866430260047537e+02
3.612882428789121914e+00,-2.392715481496372831e+03,-4.920212765957447118e+03,2.527497284461074287e+03,1.056330058465794224e+02
3.629468995428437594e+00,-2.193605683836589378e+04,-4.969414893617024063e+03,1.696664194474886972e+04,7.734590619347056872e+01
3.646055562067752831e+00,-2.086015103624833864e+04,-4.969414893617024063e+03,1.589073614263131458e+04,7.617747405097041735e+01
3.662642128707068512e+00,-2.531083481349909562e+03,-4.969414893617024063e+03,2.438331412267114501e+03,9.633547965658851808e+01
3.679228695346383748e+00,-2.531083481349909562e+03,-4.969414893617024063e+03,2.438331412267114501e+03,9.633547965658851808e+01
3.695815261985699429e+00,-5.027464353701090658e+03,-4.969414893617024063e+03,5.804946008406659530e+01,1.154646875642828974e+00
3.712401828625014666e+00,-2.029307282415630470e+04,-4.969414893617024063e+03,1.532365793053928064e+04,7.551176730760276712e+01
3.728988395264330347e+00,-2.030183305978634235e+04,-4.920212765957447118e+03,1.538162029382889523e+04,7.576468710254862060e+01
3.745574961903645583e+00,-1.633954673302036463e+04,-4.920212765957447118e+03,1.141933396706291751e+04,6.988770345743890289e+01
3.762161528542961264e+00,-2.631172947143141755e+03,-4.920212765957447118e+03,2.289039818814305363e+03,8.699693500952434988e+01
3.778748095182276501e+00,-2.664298401420957816e+03,-4.920212765957447118e+03,2.255914364536489302e+03,8.467198581560295167e+01
3.795334661821591737e+00,-2.664298401420957816e+03,-4.920212765957447118e+03,2.255914364536489302e+03,8.467198581560295167e+01
3.811921228460907418e+00,-9.726708756050862576e+03,-4.920212765957447118e+03,4.806495990093415458e+03,4.941544062479875521e+01
3.828507795100222655e+00,-2.349023090586145554e+04,-4.920212765957447118e+03,1.857001813990400842e+04,7.905421710976149541e+01
3.845094361739538336e+00,-2.349023090586145554e+04,-4.969414893617024063e+03,1.852081601224443148e+04,7.884475928085909402e+01
3.861680928378853572e+00,-1.469317938359990148e+04,-4.969414893617024063e+03,9.723764489982877421e+03,6.617876387486468559e+01
3.878267495018169253e+00,-2.753108348134988773e+03,-5.018617021276593732e+03,2.265508673141604959e+03,8.228912148249835923e+01
3.894854061657484490e+00,-2.774465001010835294e+03,-5.050801871700527045e+03,2.276336870689691750e+03,8.204597534516896928e+01
3.911440628296800170e+00,-2.774897026891578207e+03,-5.106292993121105610e+03,2.331395966229527403e+03,8.401738672231532234e+01
3.928027194936115407e+00,-2.753108348134988773e+03,-5.166223404255317291e+03,2.413115056120328518e+03,8.765056623198361763e+01
3.944613761575430644e+00,-2.753108348134988773e+03,-5.217275235962245461e+03,2.464166887827256687e+03,8.950490050624172511e+01
3.961200328214746325e+00,-2.805898787683328010e+03,-5.313829787234040850e+03,2.507930999550712841e+03,8.938066513872261964e+01
3.977786894854061561e+00,-2.841918294849023368e+03,-5.377459606462964075e+03,2.535541311613940707e+03,8.921935990241553327e+01
3.994373461493377242e+00,-2.870832798072352034e+03,-5.461436170212764409e+03,2.590603372140412375e+03,9.023874096324584571e+01
4.010960028132692479e+00,-2.886323268206037028e+03,-5.537643976963685418e+03,2.651320708757648390e+03,9.185806517111120684e+01
4.027546594772008604e+00,-2.854889481533546586e+03,-5.609042553191487968e+03,2.754153071657941382e+03,9.647144274665605224e+01
4.044133161411323840e+00,-2.874611723246093788e+03,-5.697828347464404942e+03,2.823216624218311154e+03,9.821210292116440144e+01
4.060719728050639077e+00,-2.886323268206037028e+03,-5.802521596544556814e+03,2.916198328338519786e+03,1.010350559295130921e+02
4.077306294689954314e+00,-2.956748691898503694e+03,-5.858012717965119919e+03,2.901264026066616225e+03,9.812345682323575602e+01
4.093892861329269550e+00,-2.975133214920071623e+03,-5.953457446808512032e+03,2.978324231888440409e+03,1.001072562718323411e+02
4.110479427968585675e+00,-2.975133214920071623e+03,-6.018197088465847628e+03,3.043063873545776005e+03,1.022832812421654580e+02
4.127065994607900912e+00,-2.936141577900094489e+03,-6.122890337545991315e+03,3.186748759645896826e+03,1.085352553716103330e+02
4.143652561247216148e+00,-2.930728241563054326e+03,-6.178381458966563514e+03,3.247653217403509188e+03,1.108138643271621788e+02
4.160239127886531385e+00,-2.972239162032191871e+03,-6.283074708046711748e+03,3.310835546014519878e+03,1.113919629452301905e+02
4.176825694525846622e+00,-3.060674339307501668e+03,-6.387767957126856345e+03,3.327093617819354677e+03,1.087045941180443407e+02
4.193412261165162747e+00,-3.063943161634102580e+03,-6.443259078547431272e+03,3.379315916913328692e+03,1.102930354331712550e+02
4.209998827804477983e+00,-3.480879367339158307e+03,-6.547952327627583145e+03,3.067072960288424838e+03,8.811201528747449174e+01
4.226585394443793220e+00,-2.180284191829484917e+04,-6.652645576707724103e+03,1.515019634158712506e+04,6.948725491090469575e+01
4.243171961083108457e+00,-2.180284191829484917e+04,-6.740691489361699496e+03,1.506215042893314967e+04,6.908342722190927532e+01
4.259758527722424581e+00,-1.984871078271977967e+04,-6.812829947208451813e+03,1.303588083551132877e+04,6.567620929244594663e+01
4.276345094361739818e+00,-3.197158081705150835e+03,-6.917523196288591862e+03,3.720365114583441027e+03,1.163647533061376294e+02
4.292931661001055055e+00,-3.204341162613917277e+03,-7.022216445368740096e+03,3.817875282754822820e+03,1.191469662250451478e+02
4.309518227640370291e+00,-3.241563055062164494e+03,-7.126909694448891059e+03,3.885346639386726565e+03,1.198602826287522589e+02
4.326104794279685528e+00,-3.251265419420091803e+03,-7.182400815869454163e+03,3.931135396449362361e+03,1.209109343386223685e+02
4.342691360919001653e+00,-3.253082010171654929e+03,-7.287094064949611493e+03,4.034012054777956564e+03,1.240058517481117661e+02
4.359277927558316890e+00,-3.152753108348133537e+03,-7.391787314029756999e+03,4.239034205681623462e+03,1.344550004393665006e+02
4.375864494197632126e+00,-3.166234397879803055e+03,-7.496480563109898867e+03,4.330246165230095357e+03,1.367632847438504768e+02
4.392451060836947363e+00,-3.241380875473900687e+03,-7.601173812190048011e+03,4.359792936716146869e+03,1.345041852287331210e+02
4.409037627476263488e+00,-3.346373574757030383e+03,-7.705867061270198064e+03,4.359493486513167227e+03,1.302751587389550707e+02
4.425624194115578725e+00,-3.392038189838625840e+03,-7.810560310350342661e+03,4.418522120511716821e+03,1.302615676246830674e+02
4.442210760754893961e+00,-3.437702804920223116e+03,-7.915253559430489076e+03,4.477550754510266415e+03,1.302483375846730382e+02
4.458797327394209198e+00,-3.463587921847247344e+03,-8.019946808510634582e+03,4.556358886663387239e+03,1.315502591380249555e+02
4.475383894033524435e+00,-9.809694161071870440e+02,-8.124640057590780998e+03,7.143670641483593499e+03,7.282256229589760324e+02
4.491970460672840559e+00,1.776198934280640970e+03,-8.229333306670932870e+03,1.000553224095157384e+04,5.633114651655730540e+02
4.508557027312155796e+00,1.776198934280640970e+03,-8.334026555751079286e+03,1.011022549003172026e+04,5.692056950887854327e+02
4.525143593951471033e+00,-1.177150807013981193e+03,-8.438719804831222064e+03,7.261568997817241325e+03,6.168766953689897719e+02
4.541730160590786269e+00,-3.507992895204261004e+03,-8.543413053911372117e+03,5.035420158707111113e+03,1.435413442709926528e+02
4.558316727230102394e+00,-3.535330243706319379e+03,-8.648106302991523989e+03,5.112776059285204610e+03,1.446194756030809856e+02
4.574903293869417631e+00,-3.552397868561278301e+03,-8.752799552071664948e+03,5.200401683510386647e+03,1.463913073908174169e+02
4.591489860508732868e+00,-3.582254500512497543e+03,-8.906694928811390128e+03,5.324440428298892584e+03,1.486337843259642000e+02
4.608076427148048104e+00,2.304988202048493804e+02,-9.011388177891536543e+03,9.241886998096386378e+03,4.009515966234845564e+03
4.624662993787364229e+00,1.832632965594289999e+03,-9.116081426971684778e+03,1.094871439256597478e+04,5.974308330209209998e+02
4.641249560426679466e+00,1.820603907637654629e+03,-9.220774676051833012e+03,1.104137858368948764e+04,6.064679163528960544e+02
4.657836127065994702e+00,-1.035782049085232393e+04,-9.374670052791554554e+03,9.831504380607693747e+02,9.491865966677590194e+00
4.674422693705309939e+00,-2.170310640141576732e+04,-9.479363301871695512e+03,1.222374309954407181e+04,5.632255066835352153e+01
4.691009260344625176e+00,-2.353463587921846920e+04,-9.584056550951843747e+03,1.395057932826662545e+04,5.927680122123857132e+01
4.707595826983941301e+00,-6.285976564833956218e+03,-9.737951927691572564e+03,3.451975362857616346e+03,5.491549844727746432e+01
4.724182393623256537e+00,-3.769951527737206106e+03,-9.842645176771715342e+03,6.072693649034508780e+03,1.610814782194149473e+02
4.740768960262571774e+00,-3.815616142818802473e+03,-9.996540553511436883e+03,6.180924410692634410e+03,1.619902049718882608e+02
4.757355526901887011e+00,-3.861280757900397930e+03,-1.010123380259158330e+04,6.239953044691184914e+03,1.616031942749537222e+02
4.773942093541203135e+00,-3.906945372981996570e+03,-1.022701367781155022e+04,6.320068304829554108e+03,1.617649519375216869e+02
4.790528660180518372e+00,-3.907637655417405767e+03,-1.035982242841145489e+04,6.452184772994049126e+03,1.651172739634386630e+02
4.807115226819833609e+00,-3.909464656431156982e+03,-1.051371780515117644e+04,6.604253148720019453e+03,1.689298594337174677e+02
4.823701793459148845e+00,-3.955129271512755167e+03,-1.061841105423131921e+04,6.663281782718564500e+03,1.684719088883281302e+02
4.840288360098464082e+00,-3.996447602131436724e+03,-1.077230643097104075e+04,6.775858828839604030e+03,1.695470453616310635e+02
4.856874926737780207e+00,-4.002053528318931967e+03,-1.092620180771076957e+04,6.924148279391837605e+03,1.730148842436981624e+02
4.873461493377095444e+00,-4.040852575488454022e+03,-1.104051351783714017e+04,6.999660942348686149e+03,1.732223784853763107e+02
4.890048060016410680e+00,-4.048977785125109676e+03,-1.118479043353063207e+04,7.135812648405522850e+03,1.762373869923574432e+02
4.906634626655725917e+00,-4.094642400206705588e+03,-1.133868581027035543e+04,7.244043410063650299e+03,1.769151662596459289e+02
4.923221193295042042e+00,-4.129662522202484979e+03,-1.147186450167972907e+04,7.342201979477244095e+03,1.777918156750834555e+02
4.939807759934357279e+00,-4.141566657012883297e+03,-1.163204887218045042e+04,7.490482215167567119e+03,1.808610807333980688e+02
4.956394326573672515e+00,-4.174067495559502277e+03,-1.175116981282994675e+04,7.577102317270444473e+03,1.815280257286493963e+02
4.972980893212987752e+00,-4.188490913819059642e+03,-1.190506518956966465e+04,7.716574275750605011e+03,1.842328044759835564e+02
4.989567459852303877e+00,-4.202789408932375409e+03,-1.205896056630939165e+04,7.856171157377016243e+03,1.869275472304166783e+02
5.006154026491619113e+00,-4.191010197268222328e+03,-1.221285594304911319e+04,8.021845745780890866e+03,1.914060183153378603e+02
5.022740593130934350e+00,-4.236674812349818239e+03,-1.236675131978883110e+04,8.130076507439012858e+03,1.918975816538954007e+02
5.039327159770249587e+00,-4.301801412589293250e+03,-1.252064669652855264e+04,8.218845283939259389e+03,1.910558971849949046e+02
5.055913726409564823e+00,-4.372409015870025542e+03,-1.267454207326827600e+04,8.302133057398250457e+03,1.898754903135768188e+02
5.072500293048880948e+00,-4.418073630951625091e+03,-1.281511958086705818e+04,8.397045949915433084e+03,1.900612495701381590e+02
5.089086859688196185e+00,-4.440497335701598786e+03,-1.297530395136777952e+04,8.534806615666180733e+03,1.922038449848023731e+02
5.105673426327511422e+00,-4.464997887757800527e+03,-1.313548832186850086e+04,8.670490434110699425e+03,1.941880075214275507e+02
5.122259992966826658e+00,-4.484902309058612445e+03,-1.329012358022715853e+04,8.805221271168546082e+03,1.963302802244710392e+02
5.138846559606142783e+00,-4.511922144563979600e+03,-1.345585706286994355e+04,8.943934918305963947e+03,1.982289284198249959e+02
5.155433126245458020e+00,-4.557586759645577331e+03,-1.361604143337066489e+04,9.058454673725087559e+03,1.987555070576324567e+02
5.172019692884773256e+00,-4.603251374727171424e+03,-1.377622580387137350e+04,9.172974429144202077e+03,1.992716382925725611e+02
5.188606259524088493e+00,-4.618117229129660700e+03,-1.393641017437209484e+04,9.318292945242434143e+03,2.017768818527497103e+02
5.205192826163403730e+00,-4.650175631533348678e+03,-1.409659454487281619e+04,9.446418913339468418e+03,2.031411211499684271e+02
5.221779392802719855e+00,1.352761519841760673e+02,-1.426269796832506472e+04,1.439797412030924170e+04,1.064339420446661279e+04
5.238365959442035091e+00,1.731793960923623672e+03,-1.446579547272436503e+04,1.619758943364798870e+04,9.353069590916735478e+02
5.254952526081350328e+00,1.731793960923623672e+03,-1.461969084946408657e+04,1.635148481038771024e+04,9.441934305895671287e+02
5.271539092720665565e+00,-3.721460526471792946e+03,-1.478653415453526213e+04,1.106507362806347010e+04,2.973314791156454930e+02
5.288125659359981690e+00,-4.949163566664096834e+03,-1.494671852503599439e+04,9.997554958371896646e+03,2.020049413139639967e+02
5.304712225999296926e+00,-5.012973268736961472e+03,-1.513057910734282632e+04,1.011760583860586485e+04,2.018284418491430756e+02
5.321298792638612163e+00,-5.058637883818560113e+03,-1.531628939369700129e+04,1.025765150987844027e+04,2.027749711575590368e+02
5.337885359277927400e+00,-4.977895890299155326e+03,-1.548757198848183907e+04,1.050967609818268465e+04,2.111268762905181688e+02
5.354471925917242636e+00,-4.973357015985788166e+03,-1.568586026235801910e+04,1.071250324637223093e+04,2.153978331324131545e+02
5.371058492556558761e+00,-5.018011835635285024e+03,-1.584604463285873680e+04,1.082803279722345178e+04,2.157833251872474420e+02
5.387645059195873998e+00,-5.063676450716883664e+03,-1.605543113101903509e+04,1.099175468030215052e+04,2.170706360740328762e+02
5.404231625835189234e+00,-5.109341065798475938e+03,-1.621561550151975644e+04,1.110627443572127959e+04,2.173719525217410080e+02
5.420818192474504471e+00,-5.155005680880074578e+03,-1.642500199968004017e+04,1.126999631879996559e+04,2.186223840761301460e+02
5.437404759113820596e+00,-5.195381882770871016e+03,-1.663438849784034755e+04,1.143900661506947654e+04,2.201764350182603209e+02
5.453991325753135833e+00,-5.201929937686254561e+03,-1.679457286834106708e+04,1.159264293065481252e+04,2.228527309964320011e+02
5.470577892392451069e+00,-5.247594552767847745e+03,-1.700395936650135263e+04,1.175636481373350398e+04,2.240334060780782011e+02
5.487164459031766306e+00,-5.293259167849445475e+03,-1.721334586466164546e+04,1.192008669681219908e+04,2.251937099398651299e+02
5.503751025671082431e+00,-5.338923782931042297e+03,-1.742014277715565913e+04,1.208121899422461684e+04,2.262856614070652199e+02
5.520337592310397667e+00,-5.384588398012640027e+03,-1.758291673332266510e+04,1.219832833531002507e+04,2.265415187502952108e+02
5.536924158949712904e+00,-5.430253013094235030e+03,-1.779230323148296156e+04,1.236205021838872563e+04,2.276514591231662337e+02
5.553510725589028141e+00,-5.461811722912963887e+03,-1.800168972964325440e+04,1.253987800673029051e+04,2.295919127736310941e+02
5.570097292228343377e+00,-5.477177269900410465e+03,-1.821107622780353995e+04,1.273389895790312949e+04,2.324901738689692934e+02
5.586683858867659502e+00,-5.539467073694037026e+03,-1.842046272596384733e+04,1.288099565226981031e+04,2.325313153938473931e+02
5.603270425506974739e+00,-5.648681134293838113e+03,-1.862984922412414380e+04,1.298116808983030569e+04,2.298088311450267156e+02
5.619856992146289976e+00,-5.747386035216250093e+03,-1.883923572228442572e+04,1.309184968706817563e+04,2.277878953466814096e+02
5.636443558785605212e+00,-5.772646536412077694e+03,-1.904862222044472219e+04,1.327597568403264449e+04,2.299807480033962861e+02
5.653030125424921337e+00,-5.815974047632780639e+03,-1.925800871860502593e+04,1.344203467097224529e+04,2.311226728469227965e+02
5.669616692064236574e+00,-5.884379880461041466e+03,-1.946739521676531149e+04,1.358301533630427002e+04,2.308317207970611094e+02
5.686203258703551811e+00,-5.930044495542636469e+03,-1.967678171492560796e+04,1.374673721938297240e+04,2.318150770996037977e+02
5.702789825342867047e+00,-5.950266429840139608e+03,-1.988616821308590443e+04,1.393590178324576482e+04,2.342063493721602754e+02
5.719376391982182284e+00,-6.057075719874830611e+03,-2.009555471124618634e+04,1.403847899137135573e+04,2.317699107724124872e+02
5.735962958621498409e+00,-6.155848287501460618e+03,-2.034637458006718953e+04,1.419052629256572982e+04,2.305210529859466249e+02
5.752549525260813645e+00,-6.201512902583056530e+03,-2.056352983522636350e+04,1.436201693264330606e+04,2.315889228685024932e+02
5.769136091900128882e+00,-6.155733774617407107e+03,-2.077291633338664906e+04,1.461718255876924195e+04,2.374563795959115282e+02
5.785722658539444119e+00,-3.271206276638590680e+03,-2.099340105583105833e+04,1.772219477919246856e+04,5.417632909840020830e+02
5.802309225178760244e+00,-5.002484929584031306e+03,-2.124089145736682622e+04,1.623840652778279400e+04,3.246068055448006362e+02
5.818895791818075480e+00,-6.097451921765632505e+03,-2.145027795552710813e+04,1.535282603376147563e+04,2.517908501903492891e+02
5.835482358457390717e+00,-6.341005210752645326e+03,-2.168962965925451499e+04,1.534862444850186876e+04,2.420534905487022286e+02
5.852068925096705954e+00,-6.431095619715617431e+03,-2.191825307950727438e+04,1.548715745979165695e+04,2.408167810833529359e+02
5.868655491736022078e+00,-6.400682038737417315e+03,-2.217018277075667720e+04,1.576950073201925989e+04,2.463721934097184487e+02
5.885242058375337315e+00,-6.472913642919264930e+03,-2.238622820348744062e+04,1.591331456056817478e+04,2.458446912539268396e+02
5.901828625014652552e+00,-6.523684491603396964e+03,-2.264481682930731040e+04,1.612113233770391344e+04,2.471169836379019671e+02
5.918415191653967788e+00,-6.569349106684987419e+03,-2.290340545512716926e+04,1.633405634844218184e+04,2.486404068832420933e+02
5.935001758293283025e+00,-6.658091386694808534e+03,-2.313128899376098343e+04,1.647319760706617672e+04,2.474162136011737232e+02
5.951588324932599150e+00,-6.527734083593982177e+03,-2.337138057910734642e+04,1.684364649551336333e+04,2.580320564504327763e+02
5.968174891571914387e+00,-6.573128031858734175e+03,-2.362996920492720528e+04,1.705684117306847111e+04,2.594935180084294757e+02
5.984761458211229623e+00,-6.631050730665063384e+03,-2.387671972484402067e+04,1.724566899417895911e+04,2.600744541800436309e+02
6.001348024850544860e+00,-6.886482128807006120e+03,-2.414159734442488480e+04,1.725511521561787958e+04,2.505650184357206172e+02
6.017934591489860985e+00,-6.937117644082716652e+03,-2.435727283634618288e+04,1.742015519226346805e+04,2.511151761585398958e+02
6.034521158129176222e+00,-7.022216332327218879e+03,-2.462215045592705064e+04,1.759993412359983267e+04,2.506321834970736688e+02
6.051107724768491458e+00,-7.067880947408810243e+03,-2.488702807550791840e+04,1.781914712809910998e+04,2.521144210080657047e+02
6.067694291407806695e+00,-7.122295387858260256e+03,-2.515190569508877161e+04,1.802961030723051226e+04,2.531432540409164744e+02
6.084280858047121932e+00,-7.203615150929020274e+03,-2.539088745800670949e+04,1.818727230707768831e+04,2.524742358665863833e+02
6.100867424686438056e+00,-7.249279766010617095e+03,-2.564947608382659018e+04,1.840019631781597127e+04,2.538210265258097991e+02
6.117453991325753293e+00,-1.140437455873496037e+04,-2.590806470964645268e+04,1.450369015091149231e+04,1.271765503335092689e+02
6.134040557965068530e+00,-2.189165186500888012e+04,-2.616665333546632246e+04,4.275001470457442338e+03,1.952799860338775062e+01
6.150627124604383766e+00,-2.189165186500888012e+04,-2.647444408894576554e+04,4.582792223936885421e+03,2.093397178155348115e+01
6.167213691243699891e+00,-1.662427260895548534e+04,-2.673303271476563532e+04,1.010876010581014998e+04,6.080723255443108854e+01
6.183800257883015128e+00,-7.566412788132632159e+03,-2.699162134058550146e+04,1.942520855245287021e+04,2.567294317185535419e+02
6.200386824522330365e+00,-7.630904362378728365e+03,-2.725020996640537487e+04,1.961930560402664560e+04,2.571032825513077000e+02
6.216973391161645601e+00,-7.702146991652841280e+03,-2.753580427131657416e+04,1.983365727966373379e+04,2.575081636478549285e+02
6.233559957800961726e+00,-7.769157849348097443e+03,-2.780068189089746011e+04,2.003152404154936085e+04,2.578339175233797960e+02
6.250146524440276963e+00,-7.837881195173052220e+03,-2.807517797152455751e+04,2.023729677635150438e+04,2.581985650511596759e+02
6.266733091079592199e+00,-7.907411336317471978e+03,-2.833376659734442001e+04,2.042635526102694712e+04,2.583191185111614914e+02
6.283319657718907436e+00,-7.998740566480660164e+03,-2.864155735082386309e+04,2.064281678434320202e+04,2.580758384744783598e+02
6.299906224358222673e+00,-8.063684987131870912e+03,-2.890939449688049353e+04,2.084570950974862353e+04,2.585134407285808607e+02
6.316492790997538798e+00,-8.136994053450034698e+03,-2.920793673012317595e+04,2.107094267667314125e+04,2.589524158216533465e+02
6.333079357636854034e+00,-8.199419190652084581e+03,-2.948835186370180236e+04,2.128893267304971960e+04,2.596395205323884738e+02
6.349665924276169271e+00,-8.245083805733680492e+03,-2.977431610942248881e+04,2.152923230368880832e+04,2.611159911888009333e+02
6.366252490915484508e+00,-8.322171797225579212e+03,-3.006730923052310027e+04,2.174513743329752106e+04,2.612916191005195401e+02
6.382839057554800632e+00,-8.413501027388778311e+03,-3.038138897776355589e+04,2.196788795037477757e+04,2.611028141419595272e+02
6.399425624194115869e+00,-8.504830257551971954e+03,-3.064626659734443092e+04,2.214143633979246079e+04,2.603395443445998581e+02
6.416012190833431106e+00,-8.560957186131114213e+03,-3.096034634458485380e+04,2.239938915845374140e+04,2.616458495405292410e+02
6.432598757472746343e+00,-8.643083744521334665e+03,-3.126406774916012728e+04,2.262098400463879079e+04,2.617235314765721910e+02
6.449185324112061579e+00,-8.696691389651323334e+03,-3.153930371140616626e+04,2.284261232175484474e+04,2.626586514146809463e+02
6.465771890751377704e+00,-8.781337231490713748e+03,-3.185338345864661096e+04,2.307204622715589721e+04,2.627395534294860795e+02
6.482358457390692941e+00,-8.872666461653901933e+03,-3.216746320588705566e+04,2.329479674423315373e+04,2.625456151756538361e+02
6.498945024030008177e+00,-8.922495181610145664e+03,-3.248154295312750037e+04,2.355904777151735470e+04,2.640410254305781450e+02
6.515531590669323414e+00,-9.010919948623271921e+03,-3.274642057270834994e+04,2.373550062408507802e+04,2.634081842854623687e+02
6.532118157308639539e+00,-9.102249178786474658e+03,-3.306050031994880555e+04,2.395825114116233090e+04,2.632124288247235313e+02
6.548704723947954776e+00,-9.193578408949659206e+03,-3.337458006718925026e+04,2.418100165823959105e+04,2.630205626429437871e+02
6.565291290587270012e+00,-9.282773535364594863e+03,-3.368865981442968041e+04,2.440588627906508555e+04,2.629158859266139530e+02
6.581877857226585249e+00,-9.331831895919031012e+03,-3.400273956167012511e+04,2.467090766575109592e+04,2.643736829050693018e+02
6.598464423865900486e+00,-9.423161126082217379e+03,-3.431681930891056982e+04,2.489365818282835244e+04,2.641752364174861896e+02
6.615050990505216610e+00,-9.514490356245416478e+03,-3.463089905615101452e+04,2.511640869990559804e+04,2.639805996904386234e+02
6.631637557144531847e+00,-9.605819586408611940e+03,-3.494497880339145195e+04,2.533915921698284001e+04,2.637896640577709491e+02
6.648224123783847084e+00,-9.697148816571805582e+03,-3.516694328907374438e+04,2.546979447250194062e+04,2.626524038589125780e+02
6.664810690423163209e+00,-9.778786092639255003e+03,-3.532712765957446391e+04,2.554834156693521072e+04,2.612629146900565615e+02
