x,y
-5.6,146.25
-5.6,146.875
-5.6,147.5
-5.6,148.125
-5.6,196.875
-5.6,197.5
-5.6,198.125
-5.466666666666667,146.25
-4.666666666666667,143.125
-4.666666666666667,166.875
-4.666666666666667,183.75
-4.533333333333333,142.5
-4.533333333333333,158.125
-4.533333333333333,193.75
-4.4,171.875
-3.466666666666667,161.25
-1.3333333333333333,268.125
-1.3333333333333333,268.75
-1.3333333333333333,269.375
-1.3333333333333333,270.0
-1.3333333333333333,271.875
-1.3333333333333333,272.5
-1.3333333333333333,273.125
-1.2,266.875
-1.2,267.5
-1.2,268.125
-1.2,273.75
-1.2,274.375
-0.5333333333333333,-12.5
-0.5333333333333333,-8.75
-0.4,-11.25
-0.4,-10.625
-0.4,-10.0
-0.4,-9.375
-0.26666666666666666,266.875
-0.26666666666666666,267.5
-0.26666666666666666,268.125
-0.26666666666666666,268.75
-0.26666666666666666,269.375
-0.26666666666666666,270.0
-0.26666666666666666,270.625
-0.26666666666666666,271.25
-0.26666666666666666,271.875
-0.26666666666666666,272.5
-0.26666666666666666,273.125
-0.26666666666666666,273.75
-0.26666666666666666,274.375
0.5333333333333333,-3.75
0.6666666666666666,-3.75
0.6666666666666666,-3.125
0.6666666666666666,136.25
0.6666666666666666,136.875
0.6666666666666666,275.0
0.6666666666666666,275.625
0.6666666666666666,276.25
1.6,-3.75
1.6,131.25
1.6,136.25
1.6,338.75
1.6,339.375
1.6,341.875
1.6,342.5
1.7333333333333334,-9.375
1.7333333333333334,-3.125
1.7333333333333334,67.5
1.7333333333333334,130.625
1.7333333333333334,136.875
1.7333333333333334,270.0
1.7333333333333334,276.25
1.7333333333333334,337.5
1.7333333333333334,338.125
1.7333333333333334,342.5
1.7333333333333334,343.125
1.7333333333333334,343.75
1.8666666666666667,66.25
2.533333333333333,58.75
2.533333333333333,59.375
2.533333333333333,61.25
2.6666666666666665,336.25
2.6666666666666665,336.875
2.6666666666666665,337.5
2.6666666666666665,338.125
2.6666666666666665,338.75
2.6666666666666665,339.375
2.6666666666666665,340.0
2.6666666666666665,340.625
2.6666666666666665,341.25
2.6666666666666665,341.875
2.6666666666666665,342.5
2.6666666666666665,343.125
2.6666666666666665,344.375
2.8,-6.875
2.8,133.125
2.8,133.75
2.8,272.5
2.933333333333333,350.0
2.933333333333333,350.625
2.933333333333333,351.25
2.933333333333333,353.125
2.933333333333333,353.75
2.933333333333333,354.375
2.933333333333333,355.0
3.0666666666666664,348.125
3.0666666666666664,348.75
3.0666666666666664,355.625
3.0666666666666664,356.25
3.7333333333333334,336.875
3.7333333333333334,337.5
3.7333333333333334,338.125
3.8666666666666667,336.25
3.8666666666666667,336.875
3.8666666666666667,337.5
3.8666666666666667,338.125
4.0,336.875
4.0,337.5
4.0,338.125
4.0,338.75
4.0,339.375
4.0,348.75
4.0,349.375
4.0,350.0
4.0,350.625
4.0,351.25
4.0,351.875
4.0,352.5
4.0,353.125
4.0,353.75
4.0,354.375
4.0,355.0
4.0,355.625
4.133333333333333,336.875
4.133333333333333,337.5
4.133333333333333,338.125
4.133333333333333,338.75
4.133333333333333,339.375
4.266666666666667,-18.125
4.266666666666667,336.25
4.266666666666667,336.875
4.266666666666667,337.5
4.266666666666667,338.125
4.266666666666667,338.75
4.4,-16.875
4.4,336.25
4.4,336.875
4.4,337.5
4.4,338.125
4.4,338.75
4.533333333333333,335.625
4.533333333333333,336.25
4.533333333333333,336.875
4.533333333333333,337.5
4.533333333333333,338.125
4.666666666666667,335.625
4.666666666666667,336.25
4.666666666666667,336.875
4.666666666666667,337.5
4.8,-12.5
4.8,-11.875
4.8,335.625
4.8,336.25
4.8,336.875
4.8,337.5
4.933333333333334,-11.875
4.933333333333334,52.5
4.933333333333334,53.125
4.933333333333334,335.625
4.933333333333334,336.25
4.933333333333334,336.875
4.933333333333334,337.5
5.066666666666666,335.625
5.066666666666666,336.25
5.066666666666666,336.875
5.066666666666666,337.5
5.2,30.625
5.2,31.25
5.2,31.875
5.2,32.5
5.2,33.125
5.2,33.75
5.2,335.625
5.2,336.25
5.2,336.875
5.2,337.5
5.333333333333333,30.0
5.333333333333333,30.625
5.333333333333333,31.25
5.333333333333333,31.875
5.333333333333333,32.5
5.333333333333333,33.125
5.333333333333333,33.75
5.333333333333333,335.625
5.333333333333333,336.25
5.333333333333333,336.875
5.333333333333333,337.5
5.333333333333333,338.125
5.466666666666667,30.0
5.466666666666667,30.625
5.466666666666667,31.25
5.466666666666667,31.875
5.466666666666667,32.5
5.466666666666667,33.125
5.466666666666667,33.75
5.466666666666667,335.625
5.466666666666667,336.25
5.466666666666667,336.875
5.466666666666667,337.5
5.466666666666667,338.125
5.466666666666667,338.75
5.6,30.0
5.6,30.625
5.6,31.25
5.6,31.875
5.6,32.5
5.6,33.125
5.6,33.75
5.6,335.625
5.6,336.25
5.6,336.875
5.6,337.5
5.6,338.125
5.733333333333333,30.0
5.733333333333333,30.625
5.733333333333333,31.25
5.733333333333333,31.875
5.733333333333333,32.5
5.733333333333333,33.125
5.733333333333333,33.75
5.733333333333333,335.625
5.733333333333333,336.25
5.733333333333333,336.875
5.733333333333333,337.5
5.866666666666666,30.0
5.866666666666666,30.625
5.866666666666666,31.25
5.866666666666666,31.875
5.866666666666666,32.5
5.866666666666666,33.125
5.866666666666666,33.75
6.0,30.0
6.0,30.625
6.0,31.25
6.0,31.875
6.0,32.5
6.0,33.125
6.0,33.75
6.0,56.875
6.133333333333333,30.0
6.133333333333333,30.625
6.133333333333333,31.25
6.133333333333333,31.875
6.133333333333333,32.5
6.133333333333333,33.125
6.133333333333333,33.75
6.133333333333333,57.5
6.266666666666667,30.0
6.266666666666667,30.625
6.266666666666667,31.25
6.266666666666667,31.875
6.266666666666667,32.5
6.266666666666667,33.125
6.266666666666667,33.75
6.4,30.0
6.4,30.625
6.4,31.25
6.4,31.875
6.4,32.5
6.4,33.125
6.4,33.75
6.533333333333333,30.0
6.533333333333333,30.625
6.533333333333333,31.25
6.533333333333333,31.875
6.533333333333333,32.5
6.533333333333333,33.125
6.533333333333333,33.75
6.666666666666667,30.0
6.666666666666667,30.625
6.666666666666667,31.25
6.666666666666667,31.875
6.666666666666667,32.5
6.666666666666667,33.125
6.666666666666667,33.75
6.8,30.0
6.8,30.625
6.8,31.25
6.8,31.875
6.8,32.5
6.8,33.125
6.8,33.75
6.933333333333334,30.0
6.933333333333334,30.625
6.933333333333334,31.25
6.933333333333334,31.875
6.933333333333334,32.5
6.933333333333334,33.125
6.933333333333334,33.75
6.933333333333334,53.75
6.933333333333334,54.375
6.933333333333334,55.0
6.933333333333334,55.625
6.933333333333334,56.25
6.933333333333334,56.875
6.933333333333334,337.5
7.066666666666666,30.0
7.066666666666666,30.625
7.066666666666666,31.25
7.066666666666666,31.875
7.066666666666666,32.5
7.066666666666666,33.125
7.066666666666666,33.75
7.066666666666666,53.125
7.066666666666666,56.875
7.066666666666666,335.625
7.066666666666666,336.25
7.066666666666666,336.875
7.066666666666666,337.5
7.2,30.0
7.2,30.625
7.2,31.25
7.2,31.875
7.2,32.5
7.2,33.125
7.2,33.75
7.2,58.75
7.2,336.25
7.2,336.875
7.2,337.5
7.333333333333333,30.0
7.333333333333333,30.625
7.333333333333333,31.25
7.333333333333333,31.875
7.333333333333333,32.5
7.333333333333333,33.125
7.333333333333333,33.75
7.333333333333333,59.375
7.333333333333333,335.625
7.333333333333333,336.25
7.333333333333333,336.875
7.333333333333333,337.5
7.466666666666667,30.0
7.466666666666667,30.625
7.466666666666667,31.25
7.466666666666667,31.875
7.466666666666667,32.5
7.466666666666667,33.125
7.466666666666667,33.75
7.466666666666667,335.0
7.466666666666667,335.625
7.466666666666667,336.25
7.466666666666667,336.875
7.466666666666667,337.5
7.6,30.0
7.6,30.625
7.6,31.25
7.6,31.875
7.6,32.5
7.6,33.125
7.6,33.75
7.6,335.0
7.6,335.625
7.6,336.25
7.6,336.875
7.733333333333333,335.0
7.733333333333333,335.625
7.733333333333333,336.25
7.733333333333333,336.875
7.866666666666666,335.0
7.866666666666666,335.625
7.866666666666666,336.25
8.0,335.0
8.0,335.625
8.0,336.25
8.133333333333333,335.0
8.133333333333333,335.625
8.133333333333333,336.25
8.133333333333333,336.875
8.266666666666666,335.0
8.266666666666666,335.625
8.266666666666666,336.25
8.266666666666666,336.875
8.4,30.0
8.4,30.625
8.4,31.25
8.4,31.875
8.4,32.5
8.4,33.125
8.4,33.75
8.4,335.0
8.4,335.625
8.4,336.25
8.4,336.875
8.533333333333333,30.0
8.533333333333333,30.625
8.533333333333333,31.25
8.533333333333333,31.875
8.533333333333333,32.5
8.533333333333333,33.125
8.533333333333333,33.75
8.533333333333333,335.0
8.533333333333333,335.625
8.533333333333333,336.25
8.533333333333333,336.875
8.666666666666666,30.0
8.666666666666666,30.625
8.666666666666666,31.25
8.666666666666666,31.875
8.666666666666666,32.5
8.666666666666666,33.125
8.666666666666666,33.75
8.666666666666666,334.375
8.666666666666666,335.0
8.666666666666666,335.625
8.666666666666666,336.25
8.666666666666666,336.875
8.8,-18.75
8.8,-15.625
8.8,30.0
8.8,30.625
8.8,31.25
8.8,31.875
8.8,32.5
8.8,33.125
8.8,33.75
8.8,50.625
8.8,59.375
8.8,334.375
8.8,335.0
8.8,335.625
8.8,336.25
8.933333333333334,-20.625
8.933333333333334,-20.0
8.933333333333334,-19.375
8.933333333333334,-15.625
8.933333333333334,-15.0
8.933333333333334,-14.375
8.933333333333334,30.0
8.933333333333334,30.625
8.933333333333334,31.25
8.933333333333334,31.875
8.933333333333334,32.5
8.933333333333334,33.125
8.933333333333334,33.75
8.933333333333334,51.875
8.933333333333334,58.75
9.066666666666666,-13.125
9.066666666666666,30.0
9.066666666666666,30.625
9.066666666666666,31.25
9.066666666666666,31.875
9.066666666666666,32.5
9.066666666666666,33.125
9.066666666666666,33.75
9.2,30.0
9.2,30.625
9.2,31.25
9.2,31.875
9.2,32.5
9.2,33.125
9.2,33.75
9.333333333333334,30.0
9.333333333333334,30.625
9.333333333333334,31.25
9.333333333333334,31.875
9.333333333333334,32.5
9.333333333333334,33.125
9.333333333333334,33.75
9.466666666666667,30.0
9.466666666666667,30.625
9.466666666666667,31.25
9.466666666666667,31.875
9.466666666666667,32.5
9.466666666666667,33.125
9.466666666666667,33.75
9.6,32.5
9.6,33.125
9.6,33.75
9.866666666666667,-21.25
9.866666666666667,-20.625
9.866666666666667,-20.0
9.866666666666667,-19.375
9.866666666666667,-18.75
9.866666666666667,-18.125
9.866666666666667,-17.5
9.866666666666667,-16.875
9.866666666666667,-16.25
9.866666666666667,-15.625
9.866666666666667,-15.0
9.866666666666667,-13.125
10.0,-19.375
10.0,-18.75
10.0,-18.125
10.0,-17.5
10.0,-16.875
10.0,-16.25
10.0,-15.625
10.0,333.75
10.0,334.375
10.0,335.0
10.0,335.625
10.0,336.25
10.133333333333333,5.625
10.133333333333333,13.125
10.133333333333333,30.0
10.133333333333333,30.625
10.133333333333333,53.75
10.133333333333333,54.375
10.133333333333333,55.0
10.133333333333333,55.625
10.133333333333333,56.25
10.133333333333333,56.875
10.133333333333333,333.75
10.133333333333333,334.375
10.133333333333333,335.0
10.133333333333333,335.625
10.266666666666666,6.25
10.266666666666666,31.25
10.266666666666666,53.75
10.266666666666666,57.5
10.266666666666666,333.75
10.266666666666666,334.375
10.266666666666666,335.0
10.4,51.875
10.4,58.75
10.4,333.75
10.4,334.375
10.4,335.0
10.4,335.625
10.533333333333333,51.25
10.533333333333333,59.375
10.533333333333333,333.75
10.533333333333333,334.375
10.533333333333333,335.0
10.533333333333333,335.625
10.666666666666666,333.75
10.666666666666666,334.375
10.666666666666666,335.0
10.666666666666666,335.625
10.8,333.75
10.8,334.375
10.8,335.0
10.8,335.625
10.933333333333334,333.75
10.933333333333334,334.375
10.933333333333334,335.0
11.066666666666666,333.75
11.066666666666666,334.375
11.066666666666666,335.0
11.2,-30.0
11.2,-29.375
11.2,10.0
11.2,35.0
11.2,333.75
11.2,334.375
11.2,335.0
11.333333333333334,333.75
11.333333333333334,334.375
11.333333333333334,335.0
11.466666666666667,11.25
11.466666666666667,35.625
11.466666666666667,333.75
11.466666666666667,334.375
11.466666666666667,335.0
11.6,333.75
11.6,334.375
11.6,335.0
11.733333333333333,333.125
11.733333333333333,333.75
11.733333333333333,334.375
11.733333333333333,335.0
11.866666666666667,333.75
11.866666666666667,334.375
11.866666666666667,335.0
12.0,334.375
12.0,335.0
12.133333333333333,335.0
12.266666666666666,6.875
12.266666666666666,7.5
12.266666666666666,8.125
12.266666666666666,8.75
12.266666666666666,9.375
12.266666666666666,10.0
12.4,6.25
12.4,10.625
12.533333333333333,5.0
13.066666666666666,334.375
13.2,332.5
13.2,333.125
13.2,333.75
13.2,334.375
13.333333333333334,331.875
13.333333333333334,332.5
13.333333333333334,333.125
13.333333333333334,333.75
13.333333333333334,334.375
13.466666666666667,331.875
13.466666666666667,332.5
13.466666666666667,333.125
13.466666666666667,333.75
13.6,331.25
13.6,331.875
13.6,332.5
13.6,333.125
13.6,333.75
13.733333333333333,331.25
13.733333333333333,331.875
13.733333333333333,332.5
13.733333333333333,333.125
13.733333333333333,333.75
13.866666666666667,331.25
13.866666666666667,331.875
13.866666666666667,332.5
13.866666666666667,333.125
13.866666666666667,333.75
14.0,331.25
14.0,331.875
14.0,332.5
14.0,333.125
14.133333333333333,12.5
14.133333333333333,331.25
14.133333333333333,331.875
14.133333333333333,332.5
14.133333333333333,333.125
14.266666666666666,5.0
14.266666666666666,11.875
14.266666666666666,331.25
14.266666666666666,331.875
14.266666666666666,332.5
14.266666666666666,333.125
14.4,331.25
14.4,331.875
14.4,332.5
14.4,333.125
14.533333333333333,331.25
14.533333333333333,331.875
14.533333333333333,332.5
14.533333333333333,333.125
14.666666666666666,331.25
14.666666666666666,331.875
14.666666666666666,332.5
14.666666666666666,333.125
14.799999999999999,330.625
14.799999999999999,331.25
14.799999999999999,331.875
14.799999999999999,332.5
14.799999999999999,333.125
14.933333333333334,330.625
14.933333333333334,331.25
14.933333333333334,331.875
14.933333333333334,332.5
14.933333333333334,333.125
15.066666666666666,332.5
15.066666666666666,333.125
15.2,53.125
15.2,53.75
15.2,54.375
15.2,56.25
15.2,56.875
15.2,57.5
15.333333333333334,51.25
15.333333333333334,51.875
15.333333333333334,52.5
15.333333333333334,57.5
15.333333333333334,58.125
15.466666666666667,6.875
15.466666666666667,7.5
15.466666666666667,8.125
15.466666666666667,8.75
15.466666666666667,9.375
15.466666666666667,10.0
15.6,32.5
15.733333333333333,5.0
15.733333333333333,12.5
15.866666666666667,4.375
16.133333333333333,329.375
16.133333333333333,330.0
16.133333333333333,331.25
16.133333333333333,331.875
16.266666666666666,51.25
16.266666666666666,51.875
16.266666666666666,52.5
16.266666666666666,53.125
16.266666666666666,53.75
16.266666666666666,54.375
16.266666666666666,55.0
16.266666666666666,55.625
16.266666666666666,56.25
16.266666666666666,56.875
16.266666666666666,57.5
16.266666666666666,58.125
16.266666666666666,58.75
16.266666666666666,329.375
16.266666666666666,330.0
16.266666666666666,330.625
16.266666666666666,331.25
16.266666666666666,331.875
16.4,329.375
16.4,330.0
16.4,330.625
16.4,331.25
16.4,331.875
16.53333333333333,329.375
16.53333333333333,330.0
16.53333333333333,330.625
16.53333333333333,331.25
16.53333333333333,331.875
16.666666666666668,329.375
16.666666666666668,330.0
16.666666666666668,330.625
16.666666666666668,331.25
16.666666666666668,331.875
16.8,329.375
16.8,330.0
16.8,330.625
16.8,331.25
16.8,331.875
16.933333333333334,329.375
16.933333333333334,330.0
16.933333333333334,330.625
16.933333333333334,331.25
17.066666666666666,38.75
17.066666666666666,329.375
17.066666666666666,330.0
17.066666666666666,330.625
17.066666666666666,331.25
17.2,329.375
17.2,330.0
17.2,330.625
17.2,331.25
17.333333333333332,329.375
17.333333333333332,330.0
17.333333333333332,330.625
17.333333333333332,331.25
17.466666666666665,328.75
17.466666666666665,329.375
17.466666666666665,330.0
17.466666666666665,330.625
17.466666666666665,331.25
17.6,328.75
17.6,329.375
17.6,330.0
17.6,330.625
17.6,331.25
17.733333333333334,328.75
17.733333333333334,329.375
17.733333333333334,330.0
17.733333333333334,330.625
17.866666666666667,31.875
17.866666666666667,32.5
17.866666666666667,37.5
17.866666666666667,38.125
17.866666666666667,328.75
17.866666666666667,329.375
17.866666666666667,330.0
17.866666666666667,330.625
18.0,328.125
18.0,328.75
18.0,329.375
18.0,330.0
18.0,330.625
18.133333333333333,328.125
18.133333333333333,328.75
18.133333333333333,329.375
18.133333333333333,330.0
18.133333333333333,330.625
18.266666666666666,50.0
18.266666666666666,50.625
18.266666666666666,51.25
18.266666666666666,51.875
18.266666666666666,52.5
18.266666666666666,53.125
18.266666666666666,53.75
18.266666666666666,54.375
18.266666666666666,55.0
18.266666666666666,55.625
18.266666666666666,56.25
18.266666666666666,56.875
18.266666666666666,57.5
18.266666666666666,58.125
18.266666666666666,58.75
18.266666666666666,59.375
18.266666666666666,60.0
18.266666666666666,60.625
18.266666666666666,329.375
18.266666666666666,330.0
19.066666666666666,55.625
19.2,55.625
19.2,327.5
19.2,328.125
19.2,328.75
19.2,329.375
19.333333333333332,327.5
19.333333333333332,328.125
19.333333333333332,328.75
19.333333333333332,329.375
19.466666666666665,327.5
19.466666666666665,328.125
19.466666666666665,328.75
19.466666666666665,329.375
19.6,58.75
19.6,59.375
19.6,327.5
19.6,328.125
19.6,328.75
19.6,329.375
19.733333333333334,60.0
19.733333333333334,327.5
19.733333333333334,328.125
19.733333333333334,328.75
19.733333333333334,329.375
19.866666666666667,37.5
19.866666666666667,38.125
19.866666666666667,327.5
19.866666666666667,328.125
19.866666666666667,328.75
19.866666666666667,329.375
20.0,32.5
20.0,33.125
20.0,36.875
20.0,38.125
20.0,38.75
20.0,326.875
20.0,327.5
20.0,328.125
20.0,328.75
20.0,329.375
20.0,357.5
20.133333333333333,326.875
20.133333333333333,327.5
20.133333333333333,328.125
20.133333333333333,328.75
20.133333333333333,329.375
20.133333333333333,356.875
20.266666666666666,326.25
20.266666666666666,326.875
20.266666666666666,327.5
20.266666666666666,328.125
20.266666666666666,328.75
20.4,326.25
20.4,326.875
20.4,327.5
20.4,328.125
20.4,328.75
20.53333333333333,6.25
20.53333333333333,6.875
20.53333333333333,7.5
20.53333333333333,8.125
20.53333333333333,8.75
20.53333333333333,9.375
20.53333333333333,10.0
20.53333333333333,10.625
20.53333333333333,326.25
20.53333333333333,326.875
20.53333333333333,327.5
20.53333333333333,328.125
20.53333333333333,328.75
20.666666666666668,4.375
20.666666666666668,5.0
20.666666666666668,5.625
20.666666666666668,11.25
20.666666666666668,11.875
20.666666666666668,12.5
20.666666666666668,326.25
20.666666666666668,326.875
20.666666666666668,327.5
20.666666666666668,328.125
20.8,31.875
20.8,326.25
20.8,326.875
20.8,327.5
20.8,328.125
20.8,348.75
20.8,349.375
20.8,350.625
20.8,351.25
20.933333333333334,326.25
20.933333333333334,326.875
20.933333333333334,327.5
20.933333333333334,328.125
21.066666666666666,325.625
21.066666666666666,326.25
21.066666666666666,326.875
21.066666666666666,327.5
21.066666666666666,328.125
21.2,325.625
21.2,326.25
21.2,326.875
21.2,327.5
21.2,328.125
21.333333333333332,326.875
21.333333333333332,327.5
21.6,5.0
21.6,5.625
21.6,6.25
21.6,6.875
21.6,7.5
21.6,8.125
21.6,8.75
21.6,9.375
21.6,10.0
21.6,10.625
21.6,11.25
21.6,11.875
22.0,55.0
22.0,55.625
22.0,56.25
22.133333333333333,38.75
22.133333333333333,54.375
22.133333333333333,56.875
22.133333333333333,60.625
22.133333333333333,61.25
22.266666666666666,61.875
22.266666666666666,325.0
22.266666666666666,325.625
22.266666666666666,326.25
22.266666666666666,326.875
22.4,324.375
22.4,325.0
22.4,325.625
22.4,326.25
22.4,326.875
22.53333333333333,324.375
22.53333333333333,325.0
22.53333333333333,325.625
22.53333333333333,326.25
22.53333333333333,326.875
22.666666666666668,324.375
22.666666666666668,325.0
22.666666666666668,325.625
22.666666666666668,326.25
22.666666666666668,326.875
22.8,324.375
22.8,325.0
22.8,325.625
22.8,326.25
22.933333333333334,324.375
22.933333333333334,325.0
22.933333333333334,325.625
22.933333333333334,326.25
23.066666666666666,54.375
23.066666666666666,55.0
23.066666666666666,56.875
23.066666666666666,323.75
23.066666666666666,324.375
23.066666666666666,325.0
23.066666666666666,325.625
23.066666666666666,326.25
23.2,323.75
23.2,324.375
23.2,325.0
23.2,325.625
23.2,326.25
23.333333333333332,323.75
23.333333333333332,324.375
23.333333333333332,325.0
23.333333333333332,325.625
23.333333333333332,326.25
23.466666666666665,323.75
23.466666666666665,324.375
23.466666666666665,325.0
23.466666666666665,325.625
23.466666666666665,326.25
23.6,3.125
23.6,3.75
23.6,4.375
23.6,12.5
23.6,13.125
23.6,323.75
23.6,324.375
23.6,325.0
23.6,325.625
23.733333333333334,323.75
23.733333333333334,324.375
23.733333333333334,325.0
23.733333333333334,325.625
23.866666666666667,323.125
23.866666666666667,323.75
23.866666666666667,324.375
23.866666666666667,325.0
23.866666666666667,325.625
24.0,323.125
24.0,323.75
24.0,324.375
24.0,325.0
24.133333333333333,33.75
24.133333333333333,34.375
24.133333333333333,35.625
24.133333333333333,36.25
24.133333333333333,36.875
24.133333333333333,322.5
24.133333333333333,323.125
24.133333333333333,323.75
24.133333333333333,324.375
24.133333333333333,325.0
24.266666666666666,33.125
24.266666666666666,37.5
24.266666666666666,323.125
24.266666666666666,323.75
24.266666666666666,324.375
24.266666666666666,325.0
24.4,323.75
24.4,324.375
24.4,325.0
24.933333333333334,3.125
24.933333333333334,56.25
24.933333333333334,56.875
24.933333333333334,57.5
24.933333333333334,58.125
25.066666666666666,55.0
25.066666666666666,55.625
25.066666666666666,58.75
25.2,33.125
25.2,33.75
25.2,34.375
25.2,35.0
25.2,35.625
25.2,36.25
25.2,36.875
25.2,37.5
25.2,54.375
25.2,321.875
25.2,322.5
25.333333333333332,34.375
25.333333333333332,35.0
25.333333333333332,321.25
25.333333333333332,321.875
25.333333333333332,322.5
25.333333333333332,323.125
25.333333333333332,323.75
25.466666666666665,321.875
25.466666666666665,322.5
25.466666666666665,323.125
25.466666666666665,323.75
25.466666666666665,364.375
25.466666666666665,365.0
25.466666666666665,365.625
25.466666666666665,366.25
25.466666666666665,366.875
25.466666666666665,367.5
25.466666666666665,368.125
25.466666666666665,368.75
25.466666666666665,369.375
25.466666666666665,370.0
25.466666666666665,370.625
25.466666666666665,371.25
25.466666666666665,371.875
25.466666666666665,372.5
25.466666666666665,373.125
25.466666666666665,373.75
25.466666666666665,374.375
25.6,321.25
25.6,321.875
25.6,322.5
25.6,323.125
25.6,323.75
25.733333333333334,321.25
25.733333333333334,321.875
25.733333333333334,322.5
25.733333333333334,323.125
25.733333333333334,323.75
25.866666666666667,321.25
25.866666666666667,321.875
25.866666666666667,322.5
25.866666666666667,323.125
25.866666666666667,323.75
26.0,321.25
26.0,321.875
26.0,322.5
26.0,323.125
26.0,323.75
26.133333333333333,59.375
26.133333333333333,60.0
26.133333333333333,321.25
26.133333333333333,321.875
26.133333333333333,322.5
26.133333333333333,323.125
26.266666666666666,321.25
26.266666666666666,321.875
26.266666666666666,322.5
26.266666666666666,323.125
26.4,8.125
26.4,320.625
26.4,321.25
26.4,321.875
26.4,322.5
26.4,323.125
26.53333333333333,9.375
26.53333333333333,320.625
26.53333333333333,321.25
26.53333333333333,321.875
26.53333333333333,322.5
26.53333333333333,323.125
26.666666666666668,320.625
26.666666666666668,321.25
26.666666666666668,321.875
26.666666666666668,322.5
26.666666666666668,323.125
26.8,320.625
26.8,321.25
26.8,321.875
26.8,322.5
26.933333333333334,13.125
26.933333333333334,13.75
26.933333333333334,320.625
26.933333333333334,321.25
26.933333333333334,321.875
26.933333333333334,322.5
26.933333333333334,366.25
26.933333333333334,371.875
26.933333333333334,372.5
27.066666666666666,320.0
27.066666666666666,320.625
27.066666666666666,321.25
27.066666666666666,321.875
27.066666666666666,322.5
27.066666666666666,367.5
27.066666666666666,371.25
27.2,31.875
27.2,320.0
27.2,320.625
27.2,321.25
27.2,321.875
27.2,322.5
27.333333333333332,320.625
27.333333333333332,321.25
27.333333333333332,321.875
27.466666666666665,321.25
27.466666666666665,321.875
28.133333333333333,364.375
28.133333333333333,368.125
28.266666666666666,318.125
28.266666666666666,318.75
28.266666666666666,319.375
28.4,50.0
28.4,50.625
28.4,51.25
28.4,51.875
28.4,52.5
28.4,53.125
28.4,53.75
28.4,54.375
28.4,55.0
28.4,55.625
28.4,56.25
28.4,56.875
28.4,57.5
28.4,58.125
28.4,58.75
28.4,59.375
28.4,60.0
28.4,60.625
28.4,318.75
28.4,319.375
28.4,320.0
28.4,320.625
28.53333333333333,51.25
28.53333333333333,51.875
28.53333333333333,52.5
28.53333333333333,53.125
28.53333333333333,53.75
28.53333333333333,54.375
28.53333333333333,55.0
28.53333333333333,55.625
28.53333333333333,56.25
28.53333333333333,56.875
28.53333333333333,57.5
28.53333333333333,58.125
28.53333333333333,58.75
28.53333333333333,59.375
28.53333333333333,318.75
28.53333333333333,319.375
28.53333333333333,320.0
28.53333333333333,320.625
28.666666666666668,318.125
28.666666666666668,318.75
28.666666666666668,319.375
28.666666666666668,320.0
28.8,317.5
28.8,318.125
28.8,318.75
28.8,319.375
28.8,320.0
28.933333333333334,317.5
28.933333333333334,318.125
28.933333333333334,318.75
28.933333333333334,319.375
28.933333333333334,320.0
29.066666666666666,33.75
29.066666666666666,34.375
29.066666666666666,35.0
29.066666666666666,35.625
29.066666666666666,36.25
29.066666666666666,36.875
29.066666666666666,317.5
29.066666666666666,318.125
29.066666666666666,318.75
29.066666666666666,319.375
29.066666666666666,320.0
29.066666666666666,368.125
29.066666666666666,369.375
29.066666666666666,370.0
29.2,8.75
29.2,9.375
29.2,10.0
29.2,10.625
29.2,11.25
29.2,11.875
29.2,32.5
29.2,317.5
29.2,318.125
29.2,318.75
29.2,319.375
29.2,370.625
29.333333333333332,38.75
29.333333333333332,55.625
29.333333333333332,56.25
29.333333333333332,317.5
29.333333333333332,318.125
29.333333333333332,318.75
29.333333333333332,319.375
29.466666666666665,56.875
29.466666666666665,317.5
29.466666666666665,318.125
29.466666666666665,318.75
29.466666666666665,319.375
29.466666666666665,371.875
29.599999999999998,317.5
29.599999999999998,318.125
29.599999999999998,318.75
29.599999999999998,319.375
29.733333333333334,58.75
29.733333333333334,316.875
29.733333333333334,317.5
29.733333333333334,318.125
29.733333333333334,318.75
29.733333333333334,319.375
29.733333333333334,372.5
29.866666666666667,59.375
29.866666666666667,60.0
29.866666666666667,316.875
29.866666666666667,317.5
29.866666666666667,318.125
29.866666666666667,318.75
29.866666666666667,319.375
30.0,316.875
30.0,317.5
30.0,318.125
30.0,318.75
30.133333333333333,8.75
30.133333333333333,9.375
30.133333333333333,10.0
30.133333333333333,10.625
30.133333333333333,11.25
30.133333333333333,11.875
30.133333333333333,12.5
30.133333333333333,316.25
30.133333333333333,316.875
30.133333333333333,317.5
30.133333333333333,318.125
30.133333333333333,318.75
30.266666666666666,316.25
30.266666666666666,316.875
30.266666666666666,317.5
30.266666666666666,318.125
30.266666666666666,318.75
30.4,13.75
30.4,316.25
30.4,316.875
30.4,317.5
30.4,318.125
30.933333333333334,55.625
30.933333333333334,56.25
30.933333333333334,56.875
30.933333333333334,57.5
30.933333333333334,58.125
30.933333333333334,58.75
31.066666666666666,55.0
31.066666666666666,59.375
31.2,32.5
31.2,33.125
31.2,36.875
31.2,37.5
31.2,38.125
31.333333333333332,38.75
31.333333333333332,315.625
31.333333333333332,316.25
31.333333333333332,316.875
31.466666666666665,315.0
31.466666666666665,315.625
31.466666666666665,316.25
31.466666666666665,316.875
31.466666666666665,317.5
31.599999999999998,314.375
31.599999999999998,315.0
31.599999999999998,315.625
31.599999999999998,316.25
31.599999999999998,316.875
31.599999999999998,317.5
31.733333333333334,314.375
31.733333333333334,315.0
31.733333333333334,315.625
31.733333333333334,316.25
31.733333333333334,316.875
31.733333333333334,370.0
31.733333333333334,370.625
31.733333333333334,371.25
31.733333333333334,371.875
31.733333333333334,372.5
31.866666666666667,314.375
31.866666666666667,315.0
31.866666666666667,315.625
31.866666666666667,316.25
31.866666666666667,316.875
31.866666666666667,370.625
31.866666666666667,371.25
31.866666666666667,371.875
32.0,55.0
32.0,55.625
32.0,56.25
32.0,56.875
32.0,57.5
32.0,58.125
32.0,58.75
32.0,59.375
32.0,313.75
32.0,314.375
32.0,315.0
32.0,315.625
32.0,316.25
32.13333333333333,32.5
32.13333333333333,313.75
32.13333333333333,314.375
32.13333333333333,315.0
32.13333333333333,315.625
32.13333333333333,316.25
32.266666666666666,313.75
32.266666666666666,314.375
32.266666666666666,315.0
32.266666666666666,315.625
32.4,313.75
32.4,314.375
32.4,315.0
32.4,315.625
32.53333333333333,313.75
32.53333333333333,314.375
32.53333333333333,315.0
32.53333333333333,315.625
32.666666666666664,313.75
32.666666666666664,314.375
32.666666666666664,315.0
32.666666666666664,315.625
32.8,56.25
32.8,56.875
32.8,57.5
32.8,58.125
32.8,313.125
32.8,313.75
32.8,314.375
32.8,315.0
32.8,315.625
32.93333333333333,6.875
32.93333333333333,55.0
32.93333333333333,55.625
32.93333333333333,58.75
32.93333333333333,313.125
32.93333333333333,313.75
32.93333333333333,314.375
32.93333333333333,315.0
33.06666666666666,53.75
33.06666666666666,312.5
33.06666666666666,313.125
33.06666666666666,313.75
33.06666666666666,314.375
33.06666666666666,315.0
33.2,312.5
33.2,313.125
33.2,313.75
33.2,314.375
33.2,315.0
33.333333333333336,312.5
33.333333333333336,313.125
33.333333333333336,313.75
33.333333333333336,314.375
33.333333333333336,315.0
33.46666666666667,313.125
33.46666666666667,313.75
33.46666666666667,314.375
33.86666666666667,3.75
33.86666666666667,7.5
33.86666666666667,373.75
34.0,60.0
34.0,368.75
34.0,369.375
34.0,372.5
34.0,373.125
34.0,374.375
34.266666666666666,310.625
34.266666666666666,311.25
34.266666666666666,311.875
34.266666666666666,312.5
34.4,32.5
34.4,33.125
34.4,36.875
34.4,37.5
34.4,38.125
34.4,310.625
34.4,311.25
34.4,311.875
34.4,312.5
34.4,313.125
34.53333333333333,310.625
34.53333333333333,311.25
34.53333333333333,311.875
34.53333333333333,312.5
34.53333333333333,313.125
34.666666666666664,310.0
34.666666666666664,310.625
34.666666666666664,311.25
34.666666666666664,311.875
34.666666666666664,312.5
34.666666666666664,313.125
34.8,310.0
34.8,310.625
34.8,311.25
34.8,311.875
34.8,312.5
34.93333333333333,309.375
34.93333333333333,310.0
34.93333333333333,310.625
34.93333333333333,311.25
34.93333333333333,311.875
34.93333333333333,312.5
35.06666666666666,309.375
35.06666666666666,310.0
35.06666666666666,310.625
35.06666666666666,311.25
35.06666666666666,311.875
35.2,31.875
35.2,309.375
35.2,310.0
35.2,310.625
35.2,311.25
35.2,311.875
35.333333333333336,32.5
35.333333333333336,308.75
35.333333333333336,309.375
35.333333333333336,310.0
35.333333333333336,310.625
35.333333333333336,311.25
35.333333333333336,311.875
35.46666666666667,308.75
35.46666666666667,309.375
35.46666666666667,310.0
35.46666666666667,310.625
35.46666666666667,311.25
35.6,308.75
35.6,309.375
35.6,310.0
35.6,310.625
35.6,311.25
35.733333333333334,308.125
35.733333333333334,308.75
35.733333333333334,309.375
35.733333333333334,310.0
35.733333333333334,310.625
35.733333333333334,311.25
35.86666666666667,6.875
35.86666666666667,308.125
35.86666666666667,308.75
35.86666666666667,309.375
35.86666666666667,310.0
35.86666666666667,310.625
35.86666666666667,369.375
35.86666666666667,370.0
35.86666666666667,372.5
35.86666666666667,373.125
36.0,307.5
36.0,308.125
36.0,308.75
36.0,309.375
36.0,310.0
36.0,310.625
36.13333333333333,307.5
36.13333333333333,308.125
36.13333333333333,308.75
36.13333333333333,309.375
36.13333333333333,310.0
36.13333333333333,310.625
36.266666666666666,307.5
36.266666666666666,308.125
36.266666666666666,308.75
36.266666666666666,309.375
36.266666666666666,310.0
36.266666666666666,310.625
36.4,308.75
36.4,309.375
36.4,310.0
36.666666666666664,33.125
36.666666666666664,33.75
36.666666666666664,34.375
36.666666666666664,35.0
36.666666666666664,35.625
36.666666666666664,36.25
36.666666666666664,36.875
36.8,31.25
36.8,31.875
36.8,38.125
36.8,38.75
36.8,368.75
37.2,305.625
37.2,306.25
37.2,306.875
37.333333333333336,305.625
37.333333333333336,306.25
37.333333333333336,306.875
37.333333333333336,307.5
37.333333333333336,308.125
37.46666666666667,305.0
37.46666666666667,305.625
37.46666666666667,306.25
37.46666666666667,306.875
37.46666666666667,307.5
37.46666666666667,308.125
37.46666666666667,348.75
37.46666666666667,349.375
37.46666666666667,350.625
37.46666666666667,351.25
37.46666666666667,351.875
37.46666666666667,352.5
37.46666666666667,353.125
37.46666666666667,353.75
37.46666666666667,355.625
37.46666666666667,356.25
37.46666666666667,356.875
37.46666666666667,357.5
37.6,305.0
37.6,305.625
37.6,306.25
37.6,306.875
37.6,307.5
37.6,308.125
37.6,347.5
37.6,350.0
37.6,350.625
37.6,351.25
37.6,351.875
37.6,352.5
37.733333333333334,305.0
37.733333333333334,305.625
37.733333333333334,306.25
37.733333333333334,306.875
37.733333333333334,307.5
37.733333333333334,369.375
37.733333333333334,370.0
37.733333333333334,370.625
37.733333333333334,371.25
37.733333333333334,371.875
37.733333333333334,372.5
37.86666666666667,304.375
37.86666666666667,305.0
37.86666666666667,305.625
37.86666666666667,306.25
37.86666666666667,306.875
37.86666666666667,307.5
37.86666666666667,373.125
38.0,8.125
38.0,8.75
38.0,9.375
38.0,11.25
38.0,11.875
38.0,304.375
38.0,305.0
38.0,305.625
38.0,306.25
38.0,306.875
38.0,307.5
38.13333333333333,28.125
38.13333333333333,28.75
38.13333333333333,29.375
38.13333333333333,30.0
38.13333333333333,30.625
38.13333333333333,31.25
38.13333333333333,31.875
38.13333333333333,32.5
38.13333333333333,33.125
38.13333333333333,33.75
38.13333333333333,34.375
38.13333333333333,35.0
38.13333333333333,35.625
38.13333333333333,36.25
38.13333333333333,36.875
38.13333333333333,37.5
38.13333333333333,38.125
38.13333333333333,38.75
38.13333333333333,303.75
38.13333333333333,304.375
38.13333333333333,305.0
38.13333333333333,305.625
38.13333333333333,306.25
38.13333333333333,306.875
38.13333333333333,307.5
38.266666666666666,13.75
38.266666666666666,28.75
38.266666666666666,29.375
38.266666666666666,30.0
38.266666666666666,30.625
38.266666666666666,31.25
38.266666666666666,31.875
38.266666666666666,32.5
38.266666666666666,33.125
38.266666666666666,33.75
38.266666666666666,34.375
38.266666666666666,35.0
38.266666666666666,35.625
38.266666666666666,36.25
38.266666666666666,36.875
38.266666666666666,37.5
38.266666666666666,303.75
38.266666666666666,304.375
38.266666666666666,305.0
38.266666666666666,305.625
38.266666666666666,306.25
38.266666666666666,306.875
38.4,303.75
38.4,304.375
38.4,305.0
38.4,305.625
38.4,306.25
38.4,306.875
38.53333333333333,303.125
38.53333333333333,303.75
38.53333333333333,304.375
38.53333333333333,305.0
38.53333333333333,305.625
38.53333333333333,306.25
38.666666666666664,303.125
38.666666666666664,303.75
38.666666666666664,304.375
38.666666666666664,305.0
38.666666666666664,305.625
38.666666666666664,306.25
38.8,302.5
38.8,303.125
38.8,303.75
38.8,304.375
38.8,305.0
38.8,305.625
38.93333333333333,302.5
38.93333333333333,303.125
38.93333333333333,303.75
38.93333333333333,304.375
38.93333333333333,305.0
38.93333333333333,305.625
39.06666666666666,33.75
39.06666666666666,34.375
39.06666666666666,302.5
39.06666666666666,303.125
39.06666666666666,303.75
39.06666666666666,304.375
39.06666666666666,305.0
39.06666666666666,305.625
39.2,35.0
39.2,302.5
39.2,303.125
39.2,303.75
39.2,304.375
39.2,305.0
39.2,305.625
39.333333333333336,303.75
39.333333333333336,304.375
39.333333333333336,305.0
39.46666666666667,36.875
39.6,37.5
40.0,300.625
40.0,301.25
40.13333333333333,300.0
40.13333333333333,300.625
40.13333333333333,301.25
40.13333333333333,301.875
40.266666666666666,300.0
40.266666666666666,300.625
40.266666666666666,301.25
40.266666666666666,301.875
40.266666666666666,302.5
40.266666666666666,303.125
40.4,299.375
40.4,300.0
40.4,300.625
40.4,301.25
40.4,301.875
40.4,302.5
40.4,303.125
40.53333333333333,299.375
40.53333333333333,300.0
40.53333333333333,300.625
40.53333333333333,301.25
40.53333333333333,301.875
40.53333333333333,302.5
40.666666666666664,298.75
40.666666666666664,299.375
40.666666666666664,300.0
40.666666666666664,300.625
40.666666666666664,301.25
40.666666666666664,301.875
40.666666666666664,302.5
40.8,298.75
40.8,299.375
40.8,300.0
40.8,300.625
40.8,301.25
40.8,301.875
40.93333333333333,30.0
40.93333333333333,298.125
40.93333333333333,298.75
40.93333333333333,299.375
40.93333333333333,300.0
40.93333333333333,300.625
40.93333333333333,301.25
41.06666666666666,13.125
41.06666666666666,297.5
41.06666666666666,298.125
41.06666666666666,298.75
41.06666666666666,299.375
41.06666666666666,300.0
41.06666666666666,300.625
41.06666666666666,301.25
41.2,297.5
41.2,298.125
41.2,298.75
41.2,299.375
41.2,300.0
41.2,300.625
41.333333333333336,297.5
41.333333333333336,298.125
41.333333333333336,298.75
41.333333333333336,299.375
41.333333333333336,300.0
41.333333333333336,300.625
41.46666666666667,296.875
41.46666666666667,297.5
41.46666666666667,298.125
41.46666666666667,298.75
41.46666666666667,299.375
41.46666666666667,300.0
41.46666666666667,368.125
41.6,23.125
41.6,23.75
41.6,24.375
41.6,296.875
41.6,297.5
41.6,298.125
41.6,298.75
41.6,299.375
41.733333333333334,296.875
41.733333333333334,297.5
41.733333333333334,298.125
41.733333333333334,298.75
41.733333333333334,299.375
41.86666666666667,296.25
41.86666666666667,296.875
41.86666666666667,297.5
41.86666666666667,298.125
41.86666666666667,298.75
41.86666666666667,299.375
42.0,5.625
42.0,296.25
42.0,296.875
42.0,297.5
42.0,298.125
42.0,298.75
42.13333333333333,296.875
42.13333333333333,297.5
42.13333333333333,298.125
42.13333333333333,298.75
42.266666666666666,298.125
42.666666666666664,368.75
42.666666666666664,369.375
42.666666666666664,370.0
42.666666666666664,370.625
42.666666666666664,371.875
42.666666666666664,372.5
42.666666666666664,373.125
42.8,293.75
42.8,294.375
42.93333333333333,293.75
42.93333333333333,294.375
42.93333333333333,295.0
42.93333333333333,295.625
43.06666666666666,8.125
43.06666666666666,12.5
43.06666666666666,13.125
43.06666666666666,13.75
43.06666666666666,293.125
43.06666666666666,293.75
43.06666666666666,294.375
43.06666666666666,295.0
43.06666666666666,295.625
43.06666666666666,296.25
43.2,292.5
43.2,293.125
43.2,293.75
43.2,294.375
43.2,295.0
43.2,295.625
43.2,296.25
43.333333333333336,291.875
43.333333333333336,292.5
43.333333333333336,293.125
43.333333333333336,293.75
43.333333333333336,294.375
43.333333333333336,295.0
43.333333333333336,295.625
43.46666666666667,291.875
43.46666666666667,292.5
43.46666666666667,293.125
43.46666666666667,293.75
43.46666666666667,294.375
43.46666666666667,295.0
43.6,291.25
43.6,291.875
43.6,292.5
43.6,293.125
43.6,293.75
43.6,294.375
43.733333333333334,290.625
43.733333333333334,291.25
43.733333333333334,291.875
43.733333333333334,292.5
43.733333333333334,293.125
43.733333333333334,293.75
43.733333333333334,294.375
43.86666666666667,290.625
43.86666666666667,291.25
43.86666666666667,291.875
43.86666666666667,292.5
43.86666666666667,293.125
43.86666666666667,293.75
44.0,7.5
44.0,290.625
44.0,291.25
44.0,291.875
44.0,292.5
44.0,293.125
44.13333333333333,290.0
44.13333333333333,290.625
44.13333333333333,291.25
44.13333333333333,291.875
44.13333333333333,292.5
44.13333333333333,293.125
44.266666666666666,289.375
44.266666666666666,290.0
44.266666666666666,290.625
44.266666666666666,291.25
44.266666666666666,291.875
44.266666666666666,292.5
44.4,289.375
44.4,290.0
44.4,290.625
44.4,291.25
44.4,291.875
44.4,292.5
44.53333333333333,288.75
44.53333333333333,289.375
44.53333333333333,290.0
44.53333333333333,290.625
44.53333333333333,291.25
44.53333333333333,291.875
44.666666666666664,31.875
44.666666666666664,35.0
44.666666666666664,288.75
44.666666666666664,289.375
44.666666666666664,290.0
44.666666666666664,290.625
44.666666666666664,291.25
44.666666666666664,291.875
44.8,30.625
44.8,31.25
44.8,35.0
44.8,35.625
44.8,36.25
44.8,290.0
44.8,290.625
44.8,291.25
44.93333333333333,37.5
44.93333333333333,290.625
45.46666666666667,285.625
45.46666666666667,286.25
45.46666666666667,286.875
45.6,285.625
45.6,286.25
45.6,286.875
45.6,287.5
45.6,288.125
45.733333333333334,29.375
45.733333333333334,30.0
45.733333333333334,30.625
45.733333333333334,31.25
45.733333333333334,31.875
45.733333333333334,32.5
45.733333333333334,33.125
45.733333333333334,33.75
45.733333333333334,34.375
45.733333333333334,35.0
45.733333333333334,35.625
45.733333333333334,37.5
45.733333333333334,285.0
45.733333333333334,285.625
45.733333333333334,286.25
45.733333333333334,286.875
45.733333333333334,287.5
45.733333333333334,288.125
45.733333333333334,368.75
45.86666666666667,31.25
45.86666666666667,31.875
45.86666666666667,32.5
45.86666666666667,33.125
45.86666666666667,33.75
45.86666666666667,34.375
45.86666666666667,35.0
45.86666666666667,35.625
45.86666666666667,284.375
45.86666666666667,285.0
45.86666666666667,285.625
45.86666666666667,286.25
45.86666666666667,286.875
45.86666666666667,287.5
45.86666666666667,288.125
46.0,283.75
46.0,284.375
46.0,285.0
46.0,285.625
46.0,286.25
46.0,286.875
46.0,287.5
46.13333333333333,283.75
46.13333333333333,284.375
46.13333333333333,285.0
46.13333333333333,285.625
46.13333333333333,286.25
46.13333333333333,286.875
46.266666666666666,283.125
46.266666666666666,283.75
46.266666666666666,284.375
46.266666666666666,285.0
46.266666666666666,285.625
46.266666666666666,286.25
46.4,282.5
46.4,283.125
46.4,283.75
46.4,284.375
46.4,285.0
46.4,285.625
46.4,286.25
46.53333333333333,282.5
46.53333333333333,283.125
46.53333333333333,283.75
46.53333333333333,284.375
46.53333333333333,285.0
46.53333333333333,285.625
46.666666666666664,37.5
46.666666666666664,38.125
46.666666666666664,38.75
46.666666666666664,281.875
46.666666666666664,282.5
46.666666666666664,283.125
46.666666666666664,283.75
46.666666666666664,284.375
46.666666666666664,285.0
46.8,281.25
46.8,281.875
46.8,282.5
46.8,283.125
46.8,283.75
46.8,284.375
46.93333333333333,280.625
46.93333333333333,281.25
46.93333333333333,281.875
46.93333333333333,282.5
46.93333333333333,283.125
46.93333333333333,283.75
46.93333333333333,284.375
47.06666666666666,8.75
47.06666666666666,9.375
47.06666666666666,10.0
47.06666666666666,10.625
47.06666666666666,11.25
47.06666666666666,11.875
47.06666666666666,280.625
47.06666666666666,281.25
47.06666666666666,281.875
47.06666666666666,282.5
47.06666666666666,283.125
47.06666666666666,283.75
47.2,8.125
47.2,12.5
47.2,280.625
47.2,281.25
47.2,281.875
47.2,282.5
47.2,283.125
47.333333333333336,13.75
47.333333333333336,281.25
47.333333333333336,281.875
47.333333333333336,282.5
47.46666666666667,281.875
47.733333333333334,29.375
47.733333333333334,30.0
47.733333333333334,32.5
47.733333333333334,33.125
47.733333333333334,368.75
47.733333333333334,369.375
47.733333333333334,370.0
47.733333333333334,370.625
47.733333333333334,371.25
47.733333333333334,371.875
47.733333333333334,372.5
47.733333333333334,373.125
47.86666666666667,33.75
47.86666666666667,277.5
47.86666666666667,366.875
47.86666666666667,375.0
48.0,276.875
48.0,277.5
48.0,278.125
48.13333333333333,276.875
48.13333333333333,277.5
48.13333333333333,278.125
48.13333333333333,278.75
48.266666666666666,3.125
48.266666666666666,3.75
48.266666666666666,12.5
48.266666666666666,13.75
48.266666666666666,276.25
48.266666666666666,276.875
48.266666666666666,277.5
48.266666666666666,278.125
48.266666666666666,278.75
48.4,275.625
48.4,276.25
48.4,276.875
48.4,277.5
48.4,278.125
48.4,278.75
48.53333333333333,275.0
48.53333333333333,275.625
48.53333333333333,276.25
48.53333333333333,276.875
48.53333333333333,277.5
48.53333333333333,278.125
48.666666666666664,35.625
48.666666666666664,274.375
48.666666666666664,275.0
48.666666666666664,275.625
48.666666666666664,276.25
48.666666666666664,276.875
48.666666666666664,277.5
48.8,30.625
48.8,31.25
48.8,31.875
48.8,32.5
48.8,33.125
48.8,273.75
48.8,274.375
48.8,275.0
48.8,275.625
48.8,276.25
48.8,276.875
48.8,277.5
48.93333333333333,273.125
48.93333333333333,273.75
48.93333333333333,274.375
48.93333333333333,275.0
48.93333333333333,275.625
48.93333333333333,276.25
48.93333333333333,276.875
49.06666666666666,272.5
49.06666666666666,273.125
49.06666666666666,273.75
49.06666666666666,274.375
49.06666666666666,275.0
49.06666666666666,275.625
49.06666666666666,276.25
49.2,12.5
49.2,13.125
49.2,271.875
49.2,272.5
49.2,273.125
49.2,273.75
49.2,274.375
49.2,275.0
49.2,275.625
49.2,369.375
49.2,370.0
49.2,370.625
49.2,371.25
49.2,371.875
49.2,372.5
49.2,373.125
49.333333333333336,11.875
49.333333333333336,13.75
49.333333333333336,271.875
49.333333333333336,272.5
49.333333333333336,273.125
49.333333333333336,273.75
49.333333333333336,274.375
49.333333333333336,275.0
49.46666666666667,271.25
49.46666666666667,271.875
49.46666666666667,272.5
49.46666666666667,273.125
49.46666666666667,273.75
49.46666666666667,274.375
49.6,30.0
49.6,30.625
49.6,32.5
49.6,33.125
49.6,271.25
49.6,271.875
49.6,272.5
49.6,273.125
49.6,273.75
49.733333333333334,33.125
49.733333333333334,271.875
49.733333333333334,272.5
49.733333333333334,273.125
50.13333333333333,7.5
50.266666666666666,13.75
50.266666666666666,267.5
50.266666666666666,268.125
50.4,266.875
50.4,267.5
50.4,268.125
50.4,268.75
50.53333333333333,36.25
50.53333333333333,266.25
50.53333333333333,266.875
50.53333333333333,267.5
50.53333333333333,268.125
50.53333333333333,268.75
50.53333333333333,269.375
50.666666666666664,30.0
50.666666666666664,30.625
50.666666666666664,31.25
50.666666666666664,31.875
50.666666666666664,32.5
50.666666666666664,33.125
50.666666666666664,33.75
50.666666666666664,265.625
50.666666666666664,266.25
50.666666666666664,266.875
50.666666666666664,267.5
50.666666666666664,268.125
50.666666666666664,268.75
50.8,265.0
50.8,265.625
50.8,266.25
50.8,266.875
50.8,267.5
50.8,268.125
50.93333333333333,263.75
50.93333333333333,264.375
50.93333333333333,265.0
50.93333333333333,265.625
50.93333333333333,266.25
50.93333333333333,266.875
50.93333333333333,267.5
51.06666666666666,263.75
51.06666666666666,264.375
51.06666666666666,265.0
51.06666666666666,265.625
51.06666666666666,266.25
51.06666666666666,266.875
51.2,262.5
51.2,263.125
51.2,263.75
51.2,264.375
51.2,265.0
51.2,265.625
51.2,266.25
51.333333333333336,261.875
51.333333333333336,262.5
51.333333333333336,263.125
51.333333333333336,263.75
51.333333333333336,264.375
51.333333333333336,265.0
51.333333333333336,265.625
51.46666666666667,30.0
51.46666666666667,30.625
51.46666666666667,261.25
51.46666666666667,261.875
51.46666666666667,262.5
51.46666666666667,263.125
51.46666666666667,263.75
51.46666666666667,264.375
51.46666666666667,265.0
51.6,13.75
51.6,29.375
51.6,30.0
51.6,30.625
51.6,31.25
51.6,38.125
51.6,260.625
51.6,261.25
51.6,261.875
51.6,262.5
51.6,263.125
51.6,263.75
51.6,264.375
51.733333333333334,31.875
51.733333333333334,260.625
51.733333333333334,261.25
51.733333333333334,261.875
51.733333333333334,262.5
51.733333333333334,263.125
51.733333333333334,263.75
51.86666666666667,261.25
51.86666666666667,261.875
51.86666666666667,262.5
51.86666666666667,263.125
52.0,261.875
52.0,262.5
52.4,256.25
52.4,256.875
52.4,257.5
52.53333333333333,13.125
52.53333333333333,255.625
52.53333333333333,256.25
52.53333333333333,256.875
52.53333333333333,257.5
52.53333333333333,258.125
52.666666666666664,7.5
52.666666666666664,8.125
52.666666666666664,11.875
52.666666666666664,12.5
52.666666666666664,13.125
52.666666666666664,13.75
52.666666666666664,29.375
52.666666666666664,30.0
52.666666666666664,30.625
52.666666666666664,36.25
52.666666666666664,36.875
52.666666666666664,37.5
52.666666666666664,255.0
52.666666666666664,255.625
52.666666666666664,256.25
52.666666666666664,256.875
52.666666666666664,257.5
52.666666666666664,258.125
52.666666666666664,258.75
52.8,254.375
52.8,255.0
52.8,255.625
52.8,256.25
52.8,256.875
52.8,257.5
52.8,258.125
52.8,258.75
52.93333333333333,253.75
52.93333333333333,254.375
52.93333333333333,255.0
52.93333333333333,255.625
52.93333333333333,256.25
52.93333333333333,256.875
52.93333333333333,257.5
52.93333333333333,258.125
53.06666666666666,253.125
53.06666666666666,253.75
53.06666666666666,254.375
53.06666666666666,255.0
53.06666666666666,255.625
53.06666666666666,256.25
53.06666666666666,256.875
53.06666666666666,257.5
53.199999999999996,252.5
53.199999999999996,253.125
53.199999999999996,253.75
53.199999999999996,254.375
53.199999999999996,255.0
53.199999999999996,255.625
53.199999999999996,256.25
53.199999999999996,256.875
53.333333333333336,251.25
53.333333333333336,251.875
53.333333333333336,252.5
53.333333333333336,253.125
53.333333333333336,253.75
53.333333333333336,254.375
53.333333333333336,255.0
53.333333333333336,255.625
53.46666666666667,250.625
53.46666666666667,251.25
53.46666666666667,251.875
53.46666666666667,252.5
53.46666666666667,253.125
53.46666666666667,253.75
53.46666666666667,254.375
53.46666666666667,255.0
53.6,249.375
53.6,250.0
53.6,250.625
53.6,251.25
53.6,251.875
53.6,252.5
53.6,253.125
53.6,253.75
53.6,254.375
53.6,351.875
53.6,352.5
53.6,353.125
53.6,354.375
53.6,355.0
53.733333333333334,249.375
53.733333333333334,250.0
53.733333333333334,250.625
53.733333333333334,251.25
53.733333333333334,251.875
53.733333333333334,252.5
53.733333333333334,253.125
53.733333333333334,253.75
53.733333333333334,351.25
53.733333333333334,351.875
53.733333333333334,355.0
53.733333333333334,355.625
53.86666666666667,250.0
53.86666666666667,250.625
53.86666666666667,251.25
53.86666666666667,251.875
53.86666666666667,252.5
53.86666666666667,253.125
53.86666666666667,350.0
53.86666666666667,356.875
54.0,38.75
54.0,250.625
54.0,251.25
54.0,251.875
54.0,252.5
54.13333333333333,250.625
54.13333333333333,251.25
54.13333333333333,251.875
54.266666666666666,245.625
54.4,245.0
54.4,245.625
54.4,246.25
54.53333333333333,244.375
54.53333333333333,245.0
54.53333333333333,245.625
54.53333333333333,246.25
54.53333333333333,246.875
54.666666666666664,243.125
54.666666666666664,243.75
54.666666666666664,244.375
54.666666666666664,245.0
54.666666666666664,245.625
54.666666666666664,246.25
54.666666666666664,246.875
54.666666666666664,247.5
54.666666666666664,351.875
54.666666666666664,352.5
54.666666666666664,353.125
54.666666666666664,353.75
54.8,242.5
54.8,243.125
54.8,243.75
54.8,244.375
54.8,245.0
54.8,245.625
54.8,246.25
54.8,246.875
54.8,247.5
54.8,353.75
54.8,354.375
54.8,355.0
54.8,355.625
54.8,356.25
54.93333333333333,241.25
54.93333333333333,241.875
54.93333333333333,242.5
54.93333333333333,243.125
54.93333333333333,243.75
54.93333333333333,244.375
54.93333333333333,245.0
54.93333333333333,245.625
54.93333333333333,246.25
54.93333333333333,246.875
55.06666666666666,240.625
55.06666666666666,241.25
55.06666666666666,241.875
55.06666666666666,242.5
55.06666666666666,243.125
55.06666666666666,243.75
55.06666666666666,244.375
55.06666666666666,245.0
55.06666666666666,245.625
55.199999999999996,240.0
55.199999999999996,240.625
55.199999999999996,241.25
55.199999999999996,241.875
55.199999999999996,242.5
55.199999999999996,243.125
55.199999999999996,243.75
55.199999999999996,244.375
55.199999999999996,245.0
55.333333333333336,238.75
55.333333333333336,239.375
55.333333333333336,240.0
55.333333333333336,240.625
55.333333333333336,241.25
55.333333333333336,241.875
55.333333333333336,242.5
55.333333333333336,243.125
55.333333333333336,243.75
55.333333333333336,244.375
55.46666666666667,238.125
55.46666666666667,238.75
55.46666666666667,239.375
55.46666666666667,240.0
55.46666666666667,240.625
55.46666666666667,241.25
55.46666666666667,241.875
55.46666666666667,242.5
55.46666666666667,243.125
55.6,238.125
55.6,238.75
55.6,239.375
55.6,240.0
55.6,240.625
55.6,241.25
55.6,241.875
55.6,242.5
55.733333333333334,238.125
55.733333333333334,238.75
55.733333333333334,239.375
55.733333333333334,240.0
55.733333333333334,240.625
55.733333333333334,241.25
55.733333333333334,241.875
55.86666666666667,238.75
55.86666666666667,239.375
55.86666666666667,240.0
55.86666666666667,240.625
56.0,32.5
56.0,33.125
56.0,33.75
56.0,34.375
56.0,35.0
56.0,35.625
56.0,36.25
56.0,36.875
56.0,37.5
56.0,239.375
56.0,240.0
56.0,368.125
56.0,368.75
56.0,369.375
56.0,370.0
56.0,370.625
56.0,371.25
56.0,371.875
56.0,372.5
56.0,373.125
56.0,373.75
56.13333333333333,233.75
56.13333333333333,234.375
56.266666666666666,232.5
56.266666666666666,233.125
56.266666666666666,233.75
56.266666666666666,234.375
56.266666666666666,235.0
56.4,231.875
56.4,232.5
56.4,233.125
56.4,233.75
56.4,234.375
56.4,235.0
56.53333333333333,230.625
56.53333333333333,231.25
56.53333333333333,231.875
56.53333333333333,232.5
56.53333333333333,233.125
56.53333333333333,233.75
56.53333333333333,234.375
56.53333333333333,235.0
56.53333333333333,235.625
56.666666666666664,230.0
56.666666666666664,230.625
56.666666666666664,231.25
56.666666666666664,231.875
56.666666666666664,232.5
56.666666666666664,233.125
56.666666666666664,233.75
56.666666666666664,234.375
56.666666666666664,235.0
56.666666666666664,235.625
56.8,228.75
56.8,229.375
56.8,230.0
56.8,230.625
56.8,231.25
56.8,231.875
56.8,232.5
56.8,233.125
56.8,233.75
56.8,234.375
56.93333333333333,228.125
56.93333333333333,228.75
56.93333333333333,229.375
56.93333333333333,230.0
56.93333333333333,230.625
56.93333333333333,231.25
56.93333333333333,231.875
56.93333333333333,232.5
56.93333333333333,233.125
56.93333333333333,233.75
57.06666666666666,226.875
57.06666666666666,227.5
57.06666666666666,228.125
57.06666666666666,228.75
57.06666666666666,229.375
57.06666666666666,230.0
57.06666666666666,230.625
57.06666666666666,231.25
57.06666666666666,231.875
57.06666666666666,232.5
57.199999999999996,226.25
57.199999999999996,226.875
57.199999999999996,227.5
57.199999999999996,228.125
57.199999999999996,228.75
57.199999999999996,229.375
57.199999999999996,230.0
57.199999999999996,230.625
57.199999999999996,231.25
57.199999999999996,231.875
57.333333333333336,225.625
57.333333333333336,226.25
57.333333333333336,226.875
57.333333333333336,227.5
57.333333333333336,228.125
57.333333333333336,228.75
57.333333333333336,229.375
57.333333333333336,230.0
57.333333333333336,230.625
57.46666666666667,224.375
57.46666666666667,225.0
57.46666666666667,225.625
57.46666666666667,226.25
57.46666666666667,226.875
57.46666666666667,227.5
57.46666666666667,228.125
57.46666666666667,228.75
57.46666666666667,229.375
57.46666666666667,230.0
57.6,223.75
57.6,224.375
57.6,225.0
57.6,225.625
57.6,226.25
57.6,226.875
57.6,227.5
57.6,228.125
57.6,228.75
57.733333333333334,222.5
57.733333333333334,223.125
57.733333333333334,223.75
57.733333333333334,224.375
57.733333333333334,225.0
57.733333333333334,225.625
57.733333333333334,226.25
57.733333333333334,226.875
57.733333333333334,227.5
57.733333333333334,228.125
57.86666666666667,221.25
57.86666666666667,221.875
57.86666666666667,222.5
57.86666666666667,223.125
57.86666666666667,223.75
57.86666666666667,224.375
57.86666666666667,225.0
57.86666666666667,225.625
57.86666666666667,226.25
57.86666666666667,226.875
57.86666666666667,227.5
58.0,220.0
58.0,220.625
58.0,221.25
58.0,221.875
58.0,222.5
58.0,223.125
58.0,223.75
58.0,224.375
58.0,225.0
58.0,225.625
58.0,226.25
58.13333333333333,219.375
58.13333333333333,220.0
58.13333333333333,220.625
58.13333333333333,221.25
58.13333333333333,221.875
58.13333333333333,222.5
58.13333333333333,223.125
58.13333333333333,223.75
58.13333333333333,224.375
58.13333333333333,225.0
58.13333333333333,225.625
58.266666666666666,218.125
58.266666666666666,218.75
58.266666666666666,219.375
58.266666666666666,220.0
58.266666666666666,220.625
58.266666666666666,221.25
58.266666666666666,221.875
58.266666666666666,222.5
58.266666666666666,223.125
58.266666666666666,223.75
58.266666666666666,224.375
58.4,218.125
58.4,218.75
58.4,219.375
58.4,220.0
58.4,220.625
58.4,221.25
58.4,221.875
58.4,222.5
58.4,223.125
58.53333333333333,218.75
58.53333333333333,219.375
58.53333333333333,220.0
58.53333333333333,220.625
58.53333333333333,221.25
58.53333333333333,221.875
58.53333333333333,222.5
58.666666666666664,218.75
58.666666666666664,219.375
58.666666666666664,220.0
58.666666666666664,220.625
58.666666666666664,221.25
58.8,219.375
58.8,220.0
58.93333333333333,213.125
58.93333333333333,213.75
58.93333333333333,214.375
59.06666666666666,212.5
59.06666666666666,213.125
59.06666666666666,213.75
59.06666666666666,214.375
59.06666666666666,215.0
59.199999999999996,211.25
59.199999999999996,211.875
59.199999999999996,212.5
59.199999999999996,213.125
59.199999999999996,213.75
59.199999999999996,214.375
59.199999999999996,215.0
59.199999999999996,215.625
59.333333333333336,210.0
59.333333333333336,210.625
59.333333333333336,211.25
59.333333333333336,211.875
59.333333333333336,212.5
59.333333333333336,213.125
59.333333333333336,213.75
59.333333333333336,214.375
59.333333333333336,215.0
59.333333333333336,215.625
59.46666666666667,209.375
59.46666666666667,210.0
59.46666666666667,210.625
59.46666666666667,211.25
59.46666666666667,211.875
59.46666666666667,212.5
59.46666666666667,213.125
59.46666666666667,213.75
59.46666666666667,214.375
59.46666666666667,215.0
59.46666666666667,215.625
59.6,208.125
59.6,208.75
59.6,209.375
59.6,210.0
59.6,210.625
59.6,211.25
59.6,211.875
59.6,212.5
59.6,213.125
59.6,213.75
59.6,214.375
59.733333333333334,206.875
59.733333333333334,207.5
59.733333333333334,208.125
59.733333333333334,208.75
59.733333333333334,209.375
59.733333333333334,210.0
59.733333333333334,210.625
59.733333333333334,211.25
59.733333333333334,211.875
59.733333333333334,212.5
59.733333333333334,213.125
59.86666666666667,206.25
59.86666666666667,206.875
59.86666666666667,207.5
59.86666666666667,208.125
59.86666666666667,208.75
59.86666666666667,209.375
59.86666666666667,210.0
59.86666666666667,210.625
59.86666666666667,211.25
59.86666666666667,211.875
59.86666666666667,212.5
60.0,205.625
60.0,206.25
60.0,206.875
60.0,207.5
60.0,208.125
60.0,208.75
60.0,209.375
60.0,210.0
60.0,210.625
60.0,211.25
60.13333333333333,205.625
60.13333333333333,206.25
60.13333333333333,206.875
60.13333333333333,207.5
60.13333333333333,208.125
60.13333333333333,208.75
60.13333333333333,209.375
60.13333333333333,210.0
60.266666666666666,206.25
60.266666666666666,206.875
60.266666666666666,207.5
60.266666666666666,208.125
60.266666666666666,208.75
60.4,201.25
60.4,201.875
60.4,206.875
60.4,207.5
60.4,208.125
60.53333333333333,200.0
60.53333333333333,200.625
60.53333333333333,201.25
60.53333333333333,201.875
60.666666666666664,198.75
60.666666666666664,199.375
60.666666666666664,200.0
60.666666666666664,200.625
60.666666666666664,201.25
60.666666666666664,201.875
60.666666666666664,202.5
60.8,197.5
60.8,198.125
60.8,198.75
60.8,199.375
60.8,200.0
60.8,200.625
60.8,201.25
60.8,201.875
60.8,202.5
60.8,203.125
60.93333333333333,196.25
60.93333333333333,196.875
60.93333333333333,197.5
60.93333333333333,198.125
60.93333333333333,198.75
60.93333333333333,199.375
60.93333333333333,200.0
60.93333333333333,200.625
60.93333333333333,201.25
60.93333333333333,201.875
60.93333333333333,202.5
60.93333333333333,203.125
61.06666666666666,195.625
61.06666666666666,196.25
61.06666666666666,196.875
61.06666666666666,197.5
61.06666666666666,198.125
61.06666666666666,198.75
61.06666666666666,199.375
61.06666666666666,200.0
61.06666666666666,200.625
61.06666666666666,201.25
61.06666666666666,201.875
61.06666666666666,202.5
61.199999999999996,194.375
61.199999999999996,195.0
61.199999999999996,195.625
61.199999999999996,196.25
61.199999999999996,196.875
61.199999999999996,197.5
61.199999999999996,198.125
61.199999999999996,198.75
61.199999999999996,199.375
61.199999999999996,200.0
61.199999999999996,200.625
61.199999999999996,201.25
61.333333333333336,193.75
61.333333333333336,194.375
61.333333333333336,195.0
61.333333333333336,195.625
61.333333333333336,196.25
61.333333333333336,196.875
61.333333333333336,197.5
61.333333333333336,198.125
61.333333333333336,198.75
61.333333333333336,199.375
61.333333333333336,200.0
61.46666666666667,193.125
61.46666666666667,193.75
61.46666666666667,194.375
61.46666666666667,195.0
61.46666666666667,195.625
61.46666666666667,196.25
61.46666666666667,196.875
61.46666666666667,197.5
61.46666666666667,198.125
61.46666666666667,198.75
61.6,193.125
61.6,193.75
61.6,194.375
61.6,195.0
61.6,195.625
61.6,196.25
61.6,196.875
61.6,197.5
61.733333333333334,193.125
61.733333333333334,193.75
61.733333333333334,194.375
61.733333333333334,195.0
61.733333333333334,195.625
61.733333333333334,196.25
61.86666666666667,188.125
61.86666666666667,188.75
61.86666666666667,193.75
61.86666666666667,194.375
61.86666666666667,195.0
61.86666666666667,195.625
62.0,187.5
62.0,188.125
62.0,188.75
62.0,189.375
62.0,193.75
62.0,194.375
62.13333333333333,185.625
62.13333333333333,186.25
62.13333333333333,186.875
62.13333333333333,187.5
62.13333333333333,188.125
62.13333333333333,188.75
62.13333333333333,189.375
62.266666666666666,184.375
62.266666666666666,185.0
62.266666666666666,185.625
62.266666666666666,186.25
62.266666666666666,186.875
62.266666666666666,187.5
62.266666666666666,188.125
62.266666666666666,188.75
62.266666666666666,189.375
62.266666666666666,190.0
62.4,183.75
62.4,184.375
62.4,185.0
62.4,185.625
62.4,186.25
62.4,186.875
62.4,187.5
62.4,188.125
62.4,188.75
62.4,189.375
62.4,190.0
62.53333333333333,182.5
62.53333333333333,183.125
62.53333333333333,183.75
62.53333333333333,184.375
62.53333333333333,185.0
62.53333333333333,185.625
62.53333333333333,186.25
62.53333333333333,186.875
62.53333333333333,187.5
62.53333333333333,188.125
62.53333333333333,188.75
62.53333333333333,189.375
62.666666666666664,181.25
62.666666666666664,181.875
62.666666666666664,182.5
62.666666666666664,183.125
62.666666666666664,183.75
62.666666666666664,184.375
62.666666666666664,185.0
62.666666666666664,185.625
62.666666666666664,186.25
62.666666666666664,186.875
62.666666666666664,187.5
62.666666666666664,188.125
62.8,180.0
62.8,180.625
62.8,181.25
62.8,181.875
62.8,182.5
62.8,183.125
62.8,183.75
62.8,184.375
62.8,185.0
62.8,185.625
62.8,186.25
62.93333333333333,180.0
62.93333333333333,180.625
62.93333333333333,181.25
62.93333333333333,181.875
62.93333333333333,182.5
62.93333333333333,183.125
62.93333333333333,183.75
62.93333333333333,184.375
62.93333333333333,185.0
62.93333333333333,185.625
63.06666666666666,180.0
63.06666666666666,180.625
63.06666666666666,181.25
63.06666666666666,181.875
63.06666666666666,182.5
63.06666666666666,183.125
63.06666666666666,183.75
63.06666666666666,184.375
63.199999999999996,180.625
63.199999999999996,181.25
63.199999999999996,181.875
63.199999999999996,182.5
63.199999999999996,183.125
63.199999999999996,183.75
63.333333333333336,174.375
63.333333333333336,175.0
63.333333333333336,175.625
63.333333333333336,176.25
63.333333333333336,180.625
63.333333333333336,181.25
63.333333333333336,181.875
63.333333333333336,182.5
63.46666666666667,173.125
63.46666666666667,173.75
63.46666666666667,174.375
63.46666666666667,175.0
63.46666666666667,175.625
63.46666666666667,176.25
63.46666666666667,180.625
63.46666666666667,181.25
63.6,171.875
63.6,172.5
63.6,173.125
63.6,173.75
63.6,174.375
63.6,175.0
63.6,175.625
63.6,176.25
63.733333333333334,171.25
63.733333333333334,171.875
63.733333333333334,172.5
63.733333333333334,173.125
63.733333333333334,173.75
63.733333333333334,174.375
63.733333333333334,175.0
63.733333333333334,175.625
63.733333333333334,176.25
63.733333333333334,176.875
63.86666666666667,170.0
63.86666666666667,170.625
63.86666666666667,171.25
63.86666666666667,171.875
63.86666666666667,172.5
63.86666666666667,173.125
63.86666666666667,173.75
63.86666666666667,174.375
63.86666666666667,175.0
63.86666666666667,175.625
63.86666666666667,176.25
63.86666666666667,176.875
64.0,168.125
64.0,168.75
64.0,169.375
64.0,170.0
64.0,170.625
64.0,171.25
64.0,171.875
64.0,172.5
64.0,173.125
64.0,173.75
64.0,174.375
64.0,175.0
64.0,175.625
64.13333333333333,167.5
64.13333333333333,168.125
64.13333333333333,168.75
64.13333333333333,169.375
64.13333333333333,170.0
64.13333333333333,170.625
64.13333333333333,171.25
64.13333333333333,171.875
64.13333333333333,172.5
64.13333333333333,173.125
64.13333333333333,173.75
64.13333333333333,174.375
64.26666666666667,166.875
64.26666666666667,167.5
64.26666666666667,168.125
64.26666666666667,168.75
64.26666666666667,169.375
64.26666666666667,170.0
64.26666666666667,170.625
64.26666666666667,171.25
64.26666666666667,171.875
64.26666666666667,172.5
64.26666666666667,173.125
64.4,166.875
64.4,167.5
64.4,168.125
64.4,168.75
64.4,169.375
64.4,170.0
64.4,170.625
64.4,171.25
64.4,171.875
64.53333333333333,166.875
64.53333333333333,167.5
64.53333333333333,168.125
64.53333333333333,168.75
64.53333333333333,169.375
64.53333333333333,170.0
64.53333333333333,170.625
64.66666666666667,160.625
64.66666666666667,161.25
64.66666666666667,161.875
64.66666666666667,162.5
64.66666666666667,167.5
64.66666666666667,168.125
64.66666666666667,168.75
64.66666666666667,169.375
64.8,159.375
64.8,160.0
64.8,160.625
64.8,161.25
64.8,161.875
64.8,162.5
64.8,163.125
64.8,168.125
64.93333333333334,158.125
64.93333333333334,158.75
64.93333333333334,159.375
64.93333333333334,160.0
64.93333333333334,160.625
64.93333333333334,161.25
64.93333333333334,161.875
64.93333333333334,162.5
64.93333333333334,163.125
65.06666666666666,156.25
65.06666666666666,156.875
65.06666666666666,157.5
65.06666666666666,158.125
65.06666666666666,158.75
65.06666666666666,159.375
65.06666666666666,160.0
65.06666666666666,160.625
65.06666666666666,161.25
65.06666666666666,161.875
65.06666666666666,162.5
65.06666666666666,163.125
65.2,155.625
65.2,156.25
65.2,156.875
65.2,157.5
65.2,158.125
65.2,158.75
65.2,159.375
65.2,160.0
65.2,160.625
65.2,161.25
65.2,161.875
65.2,162.5
65.2,163.125
65.33333333333333,154.375
65.33333333333333,155.0
65.33333333333333,155.625
65.33333333333333,156.25
65.33333333333333,156.875
65.33333333333333,157.5
65.33333333333333,158.125
65.33333333333333,158.75
65.33333333333333,159.375
65.33333333333333,160.0
65.33333333333333,160.625
65.33333333333333,161.25
65.33333333333333,161.875
65.46666666666667,153.125
65.46666666666667,153.75
65.46666666666667,154.375
65.46666666666667,155.0
65.46666666666667,155.625
65.46666666666667,156.25
65.46666666666667,156.875
65.46666666666667,157.5
65.46666666666667,158.125
65.46666666666667,158.75
65.46666666666667,159.375
65.46666666666667,160.0
65.46666666666667,160.625
65.6,153.125
65.6,153.75
65.6,154.375
65.6,155.0
65.6,155.625
65.6,156.25
65.6,156.875
65.6,157.5
65.6,158.125
65.6,158.75
65.73333333333333,153.75
65.73333333333333,154.375
65.73333333333333,155.0
65.73333333333333,155.625
65.73333333333333,156.25
65.73333333333333,156.875
65.73333333333333,157.5
65.86666666666666,148.125
65.86666666666666,148.75
65.86666666666666,149.375
65.86666666666666,153.75
65.86666666666666,154.375
65.86666666666666,155.0
65.86666666666666,155.625
65.86666666666666,156.25
66.0,146.875
66.0,147.5
66.0,148.125
66.0,148.75
66.0,149.375
66.0,154.375
66.0,155.0
66.13333333333333,145.0
66.13333333333333,145.625
66.13333333333333,146.25
66.13333333333333,146.875
66.13333333333333,147.5
66.13333333333333,148.125
66.13333333333333,148.75
66.13333333333333,149.375
66.26666666666667,143.75
66.26666666666667,144.375
66.26666666666667,145.0
66.26666666666667,145.625
66.26666666666667,146.25
66.26666666666667,146.875
66.26666666666667,147.5
66.26666666666667,148.125
66.26666666666667,148.75
66.26666666666667,149.375
66.26666666666667,150.0
66.4,141.875
66.4,142.5
66.4,143.125
66.4,143.75
66.4,144.375
66.4,145.0
66.4,145.625
66.4,146.25
66.4,146.875
66.4,147.5
66.4,148.125
66.4,148.75
66.4,149.375
66.4,150.0
66.53333333333333,140.625
66.53333333333333,141.25
66.53333333333333,141.875
66.53333333333333,142.5
66.53333333333333,143.125
66.53333333333333,143.75
66.53333333333333,144.375
66.53333333333333,145.0
66.53333333333333,145.625
66.53333333333333,146.25
66.53333333333333,146.875
66.53333333333333,147.5
66.53333333333333,148.125
66.53333333333333,148.75
66.53333333333333,149.375
66.66666666666667,140.0
66.66666666666667,140.625
66.66666666666667,141.25
66.66666666666667,141.875
66.66666666666667,142.5
66.66666666666667,143.125
66.66666666666667,143.75
66.66666666666667,144.375
66.66666666666667,145.0
66.66666666666667,145.625
66.66666666666667,146.25
66.66666666666667,146.875
66.66666666666667,147.5
66.8,140.0
66.8,140.625
66.8,141.25
66.8,141.875
66.8,142.5
66.8,143.125
66.8,143.75
66.8,144.375
66.8,145.0
66.8,145.625
66.93333333333334,140.0
66.93333333333334,140.625
66.93333333333334,141.25
66.93333333333334,141.875
66.93333333333334,142.5
66.93333333333334,143.125
66.93333333333334,143.75
66.93333333333334,144.375
67.06666666666666,135.0
67.06666666666666,140.625
67.06666666666666,141.25
67.06666666666666,141.875
67.06666666666666,142.5
67.06666666666666,143.125
67.2,133.75
67.2,134.375
67.2,135.0
67.2,135.625
67.2,140.625
67.2,141.25
67.2,141.875
67.33333333333333,132.5
67.33333333333333,133.125
67.33333333333333,133.75
67.33333333333333,134.375
67.33333333333333,135.0
67.33333333333333,135.625
67.33333333333333,136.25
67.46666666666667,131.875
67.46666666666667,132.5
67.46666666666667,133.125
67.46666666666667,133.75
67.46666666666667,134.375
67.46666666666667,135.0
67.46666666666667,135.625
67.46666666666667,136.25
67.6,130.0
67.6,130.625
67.6,131.25
67.6,131.875
67.6,132.5
67.6,133.125
67.6,133.75
67.6,134.375
67.6,135.0
67.6,135.625
67.6,136.25
67.73333333333333,128.75
67.73333333333333,129.375
67.73333333333333,130.0
67.73333333333333,130.625
67.73333333333333,131.25
67.73333333333333,131.875
67.73333333333333,132.5
67.73333333333333,133.125
67.73333333333333,133.75
67.73333333333333,134.375
67.73333333333333,135.0
67.73333333333333,135.625
67.73333333333333,136.25
67.86666666666666,128.125
67.86666666666666,128.75
67.86666666666666,129.375
67.86666666666666,130.0
67.86666666666666,130.625
67.86666666666666,131.25
67.86666666666666,131.875
67.86666666666666,132.5
67.86666666666666,133.125
67.86666666666666,133.75
67.86666666666666,134.375
68.0,126.25
68.0,126.875
68.0,127.5
68.0,128.125
68.0,128.75
68.0,129.375
68.0,130.0
68.0,130.625
68.0,131.25
68.0,131.875
68.0,132.5
68.0,133.125
68.13333333333333,126.875
68.13333333333333,127.5
68.13333333333333,128.125
68.13333333333333,128.75
68.13333333333333,129.375
68.13333333333333,130.0
68.13333333333333,130.625
68.13333333333333,131.25
68.26666666666667,126.875
68.26666666666667,127.5
68.26666666666667,128.125
68.26666666666667,128.75
68.26666666666667,129.375
68.4,121.25
68.4,121.875
68.4,127.5
68.4,128.125
68.53333333333333,121.25
68.53333333333333,121.875
68.53333333333333,122.5
68.66666666666667,118.75
68.66666666666667,119.375
68.66666666666667,120.0
68.66666666666667,120.625
68.66666666666667,121.25
68.66666666666667,121.875
68.66666666666667,122.5
68.66666666666667,123.125
68.8,116.875
68.8,117.5
68.8,118.125
68.8,118.75
68.8,119.375
68.8,120.0
68.8,120.625
68.8,121.25
68.8,121.875
68.8,122.5
68.8,123.125
68.93333333333334,115.625
68.93333333333334,116.25
68.93333333333334,116.875
68.93333333333334,117.5
68.93333333333334,118.125
68.93333333333334,118.75
68.93333333333334,119.375
68.93333333333334,120.0
68.93333333333334,120.625
68.93333333333334,121.25
68.93333333333334,121.875
68.93333333333334,122.5
69.06666666666666,113.75
69.06666666666666,114.375
69.06666666666666,115.0
69.06666666666666,115.625
69.06666666666666,116.25
69.06666666666666,116.875
69.06666666666666,117.5
69.06666666666666,118.125
69.06666666666666,118.75
69.06666666666666,119.375
69.06666666666666,120.0
69.06666666666666,120.625
69.2,113.75
69.2,114.375
69.2,115.0
69.2,115.625
69.2,116.25
69.2,116.875
69.2,117.5
69.2,118.125
69.2,118.75
69.2,119.375
69.33333333333333,113.75
69.33333333333333,114.375
69.33333333333333,115.0
69.33333333333333,115.625
69.33333333333333,116.25
69.33333333333333,116.875
69.33333333333333,117.5
69.46666666666667,113.75
69.46666666666667,114.375
69.46666666666667,115.0
69.46666666666667,115.625
69.46666666666667,116.25
69.6,108.125
69.6,113.75
69.6,114.375
69.73333333333333,106.25
69.73333333333333,106.875
69.73333333333333,107.5
69.73333333333333,108.125
69.86666666666666,103.75
69.86666666666666,104.375
69.86666666666666,105.0
69.86666666666666,105.625
69.86666666666666,106.25
69.86666666666666,106.875
69.86666666666666,107.5
69.86666666666666,108.125
69.86666666666666,108.75
70.0,103.125
70.0,103.75
70.0,104.375
70.0,105.0
70.0,105.625
70.0,106.25
70.0,106.875
70.0,107.5
70.0,108.125
70.0,108.75
70.0,109.375
70.13333333333333,100.625
70.13333333333333,101.25
70.13333333333333,101.875
70.13333333333333,102.5
70.13333333333333,103.125
70.13333333333333,103.75
70.13333333333333,104.375
70.13333333333333,105.0
70.13333333333333,105.625
70.13333333333333,106.25
70.13333333333333,106.875
70.13333333333333,107.5
70.13333333333333,108.125
70.13333333333333,108.75
70.26666666666667,100.0
70.26666666666667,100.625
70.26666666666667,101.25
70.26666666666667,101.875
70.26666666666667,102.5
70.26666666666667,103.125
70.26666666666667,103.75
70.26666666666667,105.0
70.26666666666667,105.625
70.26666666666667,106.25
70.26666666666667,106.875
70.4,100.0
70.4,100.625
70.4,101.25
70.4,101.875
70.4,102.5
70.4,103.125
70.53333333333333,93.75
70.53333333333333,94.375
70.53333333333333,100.0
70.53333333333333,100.625
70.66666666666667,92.5
70.66666666666667,93.125
70.66666666666667,93.75
70.66666666666667,94.375
70.66666666666667,348.125
70.66666666666667,348.75
70.66666666666667,349.375
70.66666666666667,350.0
70.66666666666667,354.375
70.66666666666667,356.25
70.66666666666667,356.875
70.8,90.625
70.8,91.25
70.8,91.875
70.8,92.5
70.8,93.125
70.8,93.75
70.8,94.375
70.8,350.625
70.93333333333334,89.375
70.93333333333334,90.0
70.93333333333334,90.625
70.93333333333334,91.25
70.93333333333334,91.875
70.93333333333334,92.5
70.93333333333334,93.125
70.93333333333334,93.75
70.93333333333334,94.375
70.93333333333334,95.0
71.06666666666666,86.875
71.06666666666666,87.5
71.06666666666666,88.125
71.06666666666666,88.75
71.06666666666666,89.375
71.06666666666666,90.0
71.06666666666666,90.625
71.06666666666666,91.25
71.06666666666666,91.875
71.06666666666666,92.5
71.06666666666666,93.125
71.06666666666666,93.75
71.06666666666666,94.375
71.06666666666666,95.0
71.2,85.625
71.2,86.25
71.2,86.875
71.2,87.5
71.2,88.125
71.2,88.75
71.2,89.375
71.2,90.0
71.2,90.625
71.2,91.25
71.2,91.875
71.2,92.5
71.2,93.125
71.33333333333333,85.625
71.33333333333333,86.25
71.33333333333333,86.875
71.33333333333333,87.5
71.33333333333333,88.125
71.33333333333333,88.75
71.33333333333333,89.375
71.33333333333333,90.0
71.33333333333333,90.625
71.46666666666667,85.625
71.46666666666667,86.25
71.46666666666667,86.875
71.46666666666667,87.5
71.46666666666667,88.125
71.46666666666667,88.75
71.46666666666667,89.375
71.46666666666667,90.0
71.6,80.0
71.6,80.625
71.6,86.25
71.6,86.875
71.6,87.5
71.73333333333333,79.375
71.73333333333333,80.0
71.73333333333333,80.625
71.73333333333333,81.25
71.73333333333333,348.125
71.73333333333333,350.0
71.73333333333333,355.0
71.73333333333333,355.625
71.73333333333333,356.25
71.73333333333333,356.875
71.86666666666666,77.5
71.86666666666666,78.125
71.86666666666666,78.75
71.86666666666666,79.375
71.86666666666666,80.0
71.86666666666666,80.625
71.86666666666666,81.25
71.86666666666666,81.875
72.0,76.25
72.0,76.875
72.0,77.5
72.0,78.125
72.0,78.75
72.0,79.375
72.0,80.0
72.0,80.625
72.0,81.25
72.0,81.875
72.13333333333333,73.75
72.13333333333333,74.375
72.13333333333333,75.0
72.13333333333333,75.625
72.13333333333333,76.25
72.13333333333333,76.875
72.13333333333333,77.5
72.13333333333333,78.125
72.13333333333333,78.75
72.13333333333333,79.375
72.13333333333333,80.0
72.13333333333333,80.625
72.13333333333333,81.25
72.26666666666667,71.875
72.26666666666667,72.5
72.26666666666667,73.125
72.26666666666667,73.75
72.26666666666667,74.375
72.26666666666667,75.0
72.26666666666667,75.625
72.26666666666667,76.25
72.26666666666667,76.875
72.26666666666667,77.5
72.26666666666667,78.125
72.26666666666667,78.75
72.26666666666667,79.375
72.26666666666667,80.0
72.4,71.875
72.4,72.5
72.4,73.125
72.4,73.75
72.4,74.375
72.4,75.0
72.4,75.625
72.4,76.25
72.4,76.875
72.4,77.5
72.4,78.125
72.53333333333333,71.875
72.53333333333333,72.5
72.53333333333333,73.125
72.53333333333333,73.75
72.53333333333333,74.375
72.53333333333333,75.0
72.53333333333333,75.625
72.53333333333333,76.25
72.53333333333333,76.875
72.66666666666667,66.25
72.66666666666667,66.875
72.66666666666667,67.5
72.66666666666667,71.875
72.66666666666667,72.5
72.66666666666667,73.125
72.66666666666667,73.75
72.66666666666667,74.375
72.66666666666667,75.0
72.66666666666667,75.625
72.8,64.375
72.8,65.0
72.8,65.625
72.8,66.25
72.8,66.875
72.8,67.5
72.8,72.5
72.8,73.125
72.8,73.75
72.8,74.375
72.93333333333334,63.125
72.93333333333334,63.75
72.93333333333334,64.375
72.93333333333334,65.0
72.93333333333334,65.625
72.93333333333334,66.25
72.93333333333334,66.875
72.93333333333334,67.5
72.93333333333334,68.125
72.93333333333334,73.125
73.06666666666666,61.875
73.06666666666666,62.5
73.06666666666666,63.125
73.06666666666666,63.75
73.06666666666666,64.375
73.06666666666666,65.0
73.06666666666666,65.625
73.06666666666666,66.25
73.06666666666666,66.875
73.06666666666666,67.5
73.06666666666666,68.125
73.2,60.0
73.2,60.625
73.2,61.25
73.2,61.875
73.2,62.5
73.2,63.125
73.2,63.75
73.2,64.375
73.2,65.0
73.2,65.625
73.2,66.25
73.2,66.875
73.2,67.5
73.2,68.125
73.33333333333333,58.125
73.33333333333333,58.75
73.33333333333333,59.375
73.33333333333333,60.0
73.33333333333333,60.625
73.33333333333333,61.25
73.33333333333333,61.875
73.33333333333333,62.5
73.33333333333333,63.125
73.33333333333333,63.75
73.33333333333333,64.375
73.33333333333333,65.0
73.33333333333333,65.625
73.33333333333333,66.25
73.33333333333333,66.875
73.46666666666667,57.5
73.46666666666667,58.125
73.46666666666667,58.75
73.46666666666667,59.375
73.46666666666667,60.0
73.46666666666667,60.625
73.46666666666667,61.25
73.46666666666667,61.875
73.46666666666667,62.5
73.46666666666667,63.125
73.46666666666667,63.75
73.46666666666667,64.375
73.46666666666667,65.0
73.46666666666667,65.625
73.6,58.125
73.6,58.75
73.6,59.375
73.6,60.0
73.6,60.625
73.6,61.25
73.6,61.875
73.6,62.5
73.6,63.125
73.6,63.75
73.73333333333333,53.125
73.73333333333333,53.75
73.73333333333333,58.125
73.73333333333333,58.75
73.73333333333333,59.375
73.73333333333333,60.0
73.73333333333333,60.625
73.73333333333333,61.25
73.73333333333333,61.875
73.73333333333333,62.5
73.86666666666666,51.25
73.86666666666666,51.875
73.86666666666666,52.5
73.86666666666666,53.125
73.86666666666666,53.75
73.86666666666666,58.75
73.86666666666666,59.375
73.86666666666666,60.0
73.86666666666666,60.625
73.86666666666666,61.25
74.0,49.375
74.0,50.0
74.0,50.625
74.0,51.25
74.0,51.875
74.0,52.5
74.0,53.125
74.0,53.75
74.0,58.75
74.0,59.375
74.13333333333333,47.5
74.13333333333333,48.125
74.13333333333333,48.75
74.13333333333333,49.375
74.13333333333333,50.0
74.13333333333333,50.625
74.13333333333333,51.25
74.13333333333333,51.875
74.13333333333333,52.5
74.13333333333333,53.125
74.13333333333333,53.75
74.13333333333333,54.375
74.26666666666667,45.625
74.26666666666667,46.25
74.26666666666667,46.875
74.26666666666667,47.5
74.26666666666667,48.125
74.26666666666667,48.75
74.26666666666667,49.375
74.26666666666667,50.0
74.26666666666667,50.625
74.26666666666667,51.25
74.26666666666667,51.875
74.26666666666667,52.5
74.26666666666667,53.125
74.26666666666667,53.75
74.26666666666667,54.375
74.4,43.75
74.4,44.375
74.4,45.0
74.4,45.625
74.4,46.25
74.4,46.875
74.4,47.5
74.4,48.125
74.4,48.75
74.4,49.375
74.4,50.0
74.4,50.625
74.4,51.25
74.4,51.875
74.4,52.5
74.4,53.125
74.4,53.75
74.53333333333333,43.75
74.53333333333333,44.375
74.53333333333333,45.0
74.53333333333333,45.625
74.53333333333333,46.25
74.53333333333333,46.875
74.53333333333333,47.5
74.53333333333333,48.125
74.53333333333333,48.75
74.53333333333333,49.375
74.53333333333333,50.0
74.53333333333333,50.625
74.53333333333333,51.25
74.53333333333333,51.875
74.53333333333333,52.5
74.66666666666667,44.375
74.66666666666667,45.0
74.66666666666667,45.625
74.66666666666667,46.25
74.66666666666667,46.875
74.66666666666667,47.5
74.66666666666667,48.125
74.66666666666667,48.75
74.66666666666667,49.375
74.66666666666667,50.0
74.8,44.375
74.8,45.0
74.8,45.625
74.8,46.25
74.8,46.875
74.8,47.5
74.8,48.125
74.8,48.75
74.93333333333334,39.375
74.93333333333334,40.0
74.93333333333334,45.0
74.93333333333334,45.625
74.93333333333334,46.25
74.93333333333334,46.875
75.06666666666666,37.5
75.06666666666666,38.125
75.06666666666666,38.75
75.06666666666666,39.375
75.06666666666666,40.0
75.2,36.25
75.2,36.875
75.2,37.5
75.2,38.125
75.2,38.75
75.2,39.375
75.2,40.0
75.2,40.625
75.33333333333333,35.0
75.33333333333333,35.625
75.33333333333333,36.25
75.33333333333333,36.875
75.33333333333333,37.5
75.33333333333333,38.125
75.33333333333333,38.75
75.33333333333333,39.375
75.33333333333333,40.0
75.33333333333333,40.625
75.46666666666667,34.375
75.46666666666667,35.0
75.46666666666667,35.625
75.46666666666667,36.25
75.46666666666667,36.875
75.46666666666667,37.5
75.46666666666667,38.125
75.46666666666667,38.75
75.46666666666667,39.375
75.46666666666667,40.0
75.46666666666667,40.625
75.6,33.75
75.6,34.375
75.6,35.0
75.6,35.625
75.6,36.25
75.6,36.875
75.6,37.5
75.6,38.125
75.6,38.75
75.6,39.375
75.6,40.0
75.73333333333333,33.125
75.73333333333333,33.75
75.73333333333333,34.375
75.73333333333333,35.0
75.73333333333333,35.625
75.73333333333333,36.25
75.73333333333333,36.875
75.73333333333333,37.5
75.73333333333333,38.125
75.73333333333333,38.75
75.86666666666666,32.5
75.86666666666666,33.125
75.86666666666666,33.75
75.86666666666666,34.375
75.86666666666666,35.0
75.86666666666666,35.625
75.86666666666666,36.25
75.86666666666666,36.875
75.86666666666666,37.5
76.0,32.5
76.0,33.125
76.0,33.75
76.0,34.375
76.0,35.0
76.0,35.625
76.0,36.25
76.0,36.875
76.13333333333333,33.125
76.13333333333333,33.75
76.13333333333333,34.375
76.13333333333333,35.0
76.13333333333333,35.625
76.13333333333333,36.25
76.26666666666667,33.75
76.26666666666667,34.375
76.26666666666667,35.0
76.26666666666667,35.625
76.26666666666667,36.25
76.26666666666667,40.625
76.26666666666667,41.25
76.26666666666667,41.875
76.4,34.375
76.4,35.0
76.4,35.625
76.4,36.25
76.4,40.625
76.4,41.25
76.4,41.875
76.53333333333333,40.0
76.53333333333333,40.625
76.53333333333333,41.25
76.53333333333333,41.875
76.53333333333333,42.5
76.66666666666667,39.375
76.66666666666667,40.0
76.66666666666667,40.625
76.66666666666667,41.25
76.66666666666667,41.875
76.66666666666667,42.5
76.66666666666667,43.125
76.8,39.375
76.8,40.0
76.8,40.625
76.8,41.25
76.8,41.875
76.8,42.5
76.8,43.125
76.8,43.75
76.8,44.375
76.93333333333334,40.0
76.93333333333334,40.625
76.93333333333334,41.25
76.93333333333334,41.875
76.93333333333334,42.5
76.93333333333334,43.125
76.93333333333334,43.75
76.93333333333334,44.375
76.93333333333334,45.0
77.06666666666666,40.0
77.06666666666666,40.625
77.06666666666666,41.25
77.06666666666666,41.875
77.06666666666666,42.5
77.06666666666666,43.125
77.06666666666666,43.75
77.06666666666666,44.375
77.06666666666666,45.0
77.06666666666666,45.625
77.2,41.25
77.2,41.875
77.2,42.5
77.2,43.125
77.2,43.75
77.2,44.375
77.2,45.0
77.33333333333333,42.5
77.33333333333333,43.125
77.33333333333333,43.75
77.33333333333333,44.375
77.33333333333333,45.0
77.46666666666667,43.75
77.46666666666667,44.375
